Company,Item,Category,Calories,Total Fat (g),Saturated Fat (g),Trans Fat (g),Cholesterol (mg),Sodium (mg),Carbs (g),Fiber (g),Sugars (g),Protein (g)
McDonald’s,Hamburger,Sandwich,250,9,3.5,0.5,25,520,31,2,6,12
McDonald’s,Cheeseburger,Sandwich,300,12,6,0.5,40,750,33,2,6,15
McDonald’s,Double Cheeseburger,Sandwich,440,23,11,1.5,80,1150,34,2,7,25
McDonald’s,McDouble,Sandwich,390,19,8,1,65,920,33,2,7,22
McDonald’s,Quarter Pounder with Cheese,Sandwich,510,26,12,1.5,90,1190,40,3,9,29
McDonald’s,Double Quarter Pounder with Cheese,Sandwich,740,42,19,2.5,155,1380,40,3,9,48
McDonald’s,Big Mac,Sandwich,540,29,10,1.5,75,1040,45,3,9,25
McDonald’s,Big N’ Tasty,Sandwich,460,24,8,1.5,70,720,37,3,8,24
McDonald’s,Big N’ Tasty with Cheese,Sandwich,510,28,11,1.5,85,960,38,3,8,27
McDonald’s,Angus Bacon & Cheese,Sandwich,790,39,17,2,145,2070,63,4,13,45
McDonald’s,Angus Deluxe,Sandwich,750,39,16,2,135,1700,61,4,10,40
McDonald’s,Angus Mushroom & Swiss,Sandwich,770,40,17,2,135,1170,59,4,8,44
McDonald’s,Filet-O-Fish,Sandwich,380,18,3.5,0,40,640,38,2,5,15
McDonald’s,McChicken,Sandwich,360,16,3,0,35,830,40,2,5,14
McDonald’s,McRib,Sandwich,500,26,10,0,70,980,44,3,11,22
McDonald’s,Premium Grilled Chicken Classic Sandwich,Sandwich,360,9,2,0,65,820,41,4,8,27
McDonald’s,Premium Crispy Chicken Classic Sandwich,Sandwich,510,22,3.5,0,45,990,56,3,10,24
McDonald’s,Premium Grilled Chicken Club Sandwich,Sandwich,460,17,6,0,90,1040,43,4,9,35
McDonald’s,Premium Crispy Chicken Club Sandwich,Sandwich,620,29,7,0,70,1200,57,3,11,31
McDonald’s,Premium Grilled Chicken Ranch BLT Sandwich,Sandwich,380,10,3,0,75,1000,41,4,9,31
McDonald’s,Premium Crispy Chicken Ranch BLT Sandwich,Sandwich,540,23,4.5,0,55,1160,56,3,11,27
McDonald’s,Southern Style Crispy Chicken Sandwich,Sandwich,400,17,3,0,45,1030,39,1,6,24
McDonald’s,Ranch Snack Wrap (Crispy),Wrap,340,17,4.5,0,30,810,33,1,2,14
McDonald’s,Ranch Snack Wrap (Grilled),Wrap,270,10,4,0,45,830,26,1,2,18
McDonald’s,Honey Mustard Snack Wrap (Crispy),Wrap,330,16,4.5,0,30,780,34,1,4,14
McDonald’s,Honey Mustard Snack Wrap (Grilled),Wrap,260,9,3.5,0,45,800,27,1,4,18
McDonald’s,Chipotle BBQ Snack Wrap (Crispy),Wrap,330,15,4.5,0,30,810,35,1,4,14
McDonald’s,Chipotle BBQ Snack Wrap (Grilled),Wrap,260,9,3.5,0,45,830,28,1,5,18
McDonald’s,Angus Bacon & Cheese Snack Wrap,Wrap,390,21,9,1,75,1080,28,1,4,21
McDonald’s,Angus Chipotle BBQ Bacon,Sandwich,800,39,18,2,145,2020,66,4,16,45
McDonald’s,Angus Chipotle BBQ Bacon Snack Wrap,Wrap,400,22,10,1,75,1060,30,1,6,21
McDonald’s,Angus Deluxe Snack Wrap,Wrap,410,25,10,1.5,75,990,27,2,3,20
McDonald’s,Angus Mushroom & Swiss Snack Wrap,Wrap,430,26,10,1.5,75,730,27,2,2,22
McDonald’s,Mac Snack Wrap,Wrap,330,19,7,1,45,690,26,1,3,15
McDonald’s,Small French Fries,Extra,230,11,1.5,0,0,160,29,3,0,3
McDonald’s,Medium French Fries,Extra,380,19,2.5,0,0,270,48,5,0,4
McDonald’s,Large French Fries,Extra,500,25,3.5,0,0,350,63,6,0,6
McDonald’s,Ketchup Packet,Extra,15,0,0,0,0,110,3,0,2,0
McDonald’s,Salt Packet,Extra,0,0,0,0,0,270,0,0,0,0
McDonald’s,Chicken McNuggets (4 piece),Extra,190,12,2,0,25,360,12,1,0,9
McDonald’s,Chicken McNuggets (6 piece),Extra,280,18,3,0,40,540,18,1,0,13
McDonald’s,Chicken McNuggets (10 piece),Extra,470,30,5,0,65,900,30,2,0,22
McDonald’s,Barbeque Sauce,Extra,50,0,0,0,0,260,12,0,10,0
McDonald’s,Honey,Extra,50,0,0,0,0,0,12,0,11,0
McDonald’s,Hot Mustard Sauce,Extra,60,2.5,0,0,5,250,9,2,6,1
McDonald’s,Sweet ‘N Sour Sauce,Extra,50,0,0,0,0,150,12,0,10,0
McDonald’s,Chicken Selects Premium Breast Strips (3 pc),Extra,400,24,3.5,0,50,1010,23,0,0,23
McDonald’s,Chicken Selects Premium Breast Strips (5 pc),Extra,660,40,6,0,85,1680,39,0,0,38
McDonald’s,Spicy Buffalo Sauce,Extra,60,6,1,0,0,800,1,1,0,0
McDonald’s,Creamy Ranch Sauce,Extra,170,18,3,0,10,270,2,0,1,0
McDonald’s,Tangy Honey Mustard Sauce,Extra,60,2,0,0,5,140,10,0,8,0
McDonald’s,Southwestern Chipotle Barbeque Sauce,Extra,60,0,0,0,0,210,15,1,11,0
McDonald’s,Premium Southwest Salad with Grilled Chicken,Salad,320,9,3,0,70,960,30,6,11,30
McDonald’s,Premium Southwest Salad with Crispy Chicken,Salad,430,20,4,0,55,920,38,6,12,26
McDonald’s,Premium Southwest Salad (without chicken),Salad,140,4.5,2,0,10,150,20,6,6,6
McDonald’s,Premium Bacon Ranch Salad with Grilled Chicken,Salad,260,9,4,0,90,1010,12,3,5,33
McDonald’s,Premium Bacon Ranch Salad with Crispy Chicken,Salad,370,20,6,0,75,970,20,3,6,29
McDonald’s,Premium Bacon Ranch Salad (without chicken),Salad,140,7,3.5,0,25,300,10,3,4,9
McDonald’s,Premium Caesar Salad with Grilled Chicken,Salad,220,6,3,0,75,890,12,3,5,30
McDonald’s,Premium Caesar Salad with Crispy Chicken,Salad,330,17,4.5,0,60,840,20,3,6,26
McDonald’s,Premium Caesar Salad (without chicken),Salad,90,4,2.5,0,10,180,9,3,4,7
McDonald’s,Side Salad,Salad,20,0,0,0,0,10,4,1,2,1
McDonald’s,Butter Garlic Croutons,Extra,60,1.5,0,0,0,140,10,1,0,2
McDonald’s,Snack Size Fruit & Walnut Salad,Salad,210,8,1.5,0,5,60,31,2,25,4
McDonald’s,Newman’s Own Creamy Southwest Dressing,Extra,100,6,1,0,20,340,11,0,3,1
McDonald’s,Newman’s Own Creamy Caesar Dressing,Extra,190,18,3.5,0,20,500,4,0,2,2
McDonald’s,Newman’s Own Low Fat Balsamic Vinaigrette,Extra,40,3,0,0,0,730,4,0,3,0
McDonald’s,Newman’s Own Low Fat Family Recipe Italian Dressing,Extra,60,2.5,0,0,0,730,8,0,1,1
McDonald’s,Newman’s Own Ranch Dressing,Extra,170,15,2.5,0,20,530,9,0,4,1
McDonald’s,Egg McMuffin,Breakfast,300,12,5,0,260,820,30,2,3,18
McDonald’s,Sausage McMuffin,Breakfast,370,22,8,0,45,850,29,2,2,14
McDonald’s,Sausage McMuffin with Egg,Breakfast,450,27,10,0,285,920,30,2,2,21
McDonald’s,English Muffin,Breakfast,160,3,0.5,0,0,280,27,2,2,5
McDonald’s,"Bacon, Egg & Cheese Biscuit (Regular Size Biscuit)",Breakfast,420,23,12,0,235,1160,37,2,3,15
McDonald’s,"Bacon, Egg & Cheese Biscuit (Large Size Biscuit)",Breakfast,480,27,12,0,235,1270,43,3,4,15
McDonald’s,Sausage Biscuit with Egg (Regular Size Biscuit),Breakfast,510,33,14,0,250,1170,36,2,2,18
McDonald’s,Sausage Biscuit with Egg (Large Size Biscuit),Breakfast,570,37,15,0,250,1280,42,3,3,18
McDonald’s,Sausage Biscuit (Regular Size Biscuit),Breakfast,430,27,12,0,30,1080,34,2,2,11
McDonald’s,Sausage Biscuit (Large Size Biscuit),Breakfast,480,31,13,0,30,1190,39,3,3,11
McDonald’s,Southern Style Chicken Biscuit (Regular Size Biscuit),Breakfast,410,20,8,0,30,1180,41,2,3,17
McDonald’s,Southern Style Chicken Biscuit (Large Size Biscuit),Breakfast,470,24,9,0,30,1290,46,3,4,17
McDonald’s,"Steak, Egg & Cheese Bagel",Breakfast,660,33,12,1,300,1580,56,3,7,33
McDonald’s,"Bacon, Egg & Cheese McGriddles",Breakfast,420,18,8,0,240,1110,48,2,15,15
McDonald’s,"Sausage, Egg & Cheese McGriddles",Breakfast,560,32,12,0,265,1360,48,2,15,20
McDonald’s,Sausage McGriddles,Breakfast,420,22,8,0,35,1030,44,2,15,11
McDonald’s,Big Breakfast (Regular Size Biscuit),Breakfast,740,48,17,0,555,1560,51,3,3,28
McDonald’s,Big Breakfast (Large Size Biscuit),Breakfast,800,52,18,0,555,1680,56,4,3,28
McDonald’s,Big Breakfast with Hotcakes (Regular Size Biscuit),Breakfast,1090,56,19,0,575,2150,111,6,17,36
McDonald’s,Big Breakfast with Hotcakes (Large Size Biscuit),Breakfast,1150,60,20,0,575,2260,116,7,17,36
McDonald’s,Sausage Burrito,Breakfast,300,16,7,0,115,830,26,1,2,12
McDonald’s,McSkillet Burrito with Sausage,Breakfast,610,36,14,0.5,410,1390,44,3,4,27
McDonald’s,Hotcakes,Breakfast,350,9,2,0,20,590,60,3,14,8
McDonald’s,Hotcakes and Sausage,Breakfast,520,24,7,0,50,930,61,3,14,15
McDonald’s,Hotcake Syrup,Extra,180,0,0,0,0,20,45,0,32,0
McDonald’s,Whipped Margarine (1 pat),Extra,40,4.5,1.5,0,0,55,0,0,0,0
McDonald’s,Hash Brown,Breakfast,150,9,1.5,0,0,310,15,2,0,1
McDonald’s,Grape Jam,Extra,35,0,0,0,0,0,9,0,9,0
McDonald’s,Strawberry Preserves,Extra,35,0,0,0,0,0,9,0,9,0
McDonald’s,"Bacon, Egg & Cheese Bagel",Breakfast,560,27,9,0.5,260,1300,56,3,7,24
McDonald’s,Fruit & Maple Oatmeal,Breakfast,290,4.5,2,0,10,160,57,5,32,5
McDonald’s,Fruit & Maple Oatmeal without Brown Sugar,Breakfast,260,4.5,2,0,10,115,48,5,18,5
McDonald’s,Hamburger Happy Meal,Kids Meal,475,16,5.5,0,40,690,62,2,20,22
McDonald’s,4 Piece Chicken McNuggets Happy Meal,Kids Meal,395,17,3.5,0,35,510,41,1,14,19
McDonald’s,6 Piece Chicken McNuggets Happy Meal,Kids Meal,475,22,4.5,0,50,680,46,2,14,24
McDonald’s,Fruit ‘n Yogurt Parfait (7 oz),Dessert,160,2,1,0,5,85,31,1,21,4
McDonald’s,Low Fat Caramel Dip,Extra,70,0.5,0,0,5,35,15,0,9,0
McDonald’s,Vanilla Reduced Fat Ice Cream Cone,Dessert,150,3.5,2,0,15,60,24,0,18,4
McDonald’s,Kiddie Cone,Dessert,45,1,0.5,0,5,20,8,0,6,1
McDonald’s,Strawberry Sundae,Dessert,280,6,4,0,25,95,49,1,45,6
McDonald’s,Hot Caramel Sundae,Dessert,340,8,5,0,30,160,60,1,44,7
McDonald’s,Hot Fudge Sundae,Dessert,330,10,7,0,25,180,54,2,48,8
McDonald’s,Peanuts (for Sundaes),Snack,45,3.5,0.5,0,0,0,2,1,0,2
McDonald’s,McFlurry with M&M’S Candies (12 fl oz cup),Dessert,710,25,16,1,60,220,105,4,97,15
McDonald’s,McFlurry with OREO Cookies (12 fl oz cup),Dessert,580,19,10,1,50,320,89,3,73,13
McDonald’s,Baked Hot Apple Pie,Dessert,250,13,7,0,0,170,32,4,13,2
McDonald’s,Cinnamon Melts,Dessert,460,19,9,0,15,370,66,3,32,6
McDonald’s,McDonaldland Cookies,Dessert,260,8,2.5,0,0,300,43,1,13,4
McDonald’s,Chocolate Chip Cookie,Dessert,160,8,3.5,0,10,90,21,1,15,2
McDonald’s,Oatmeal Raisin Cookie,Dessert,150,6,2.5,0,10,135,22,1,13,2
McDonald’s,Sugar Cookie,Dessert,160,7,3,0,5,120,21,0,11,2
McDonald’s,Apple Dippers with Low Fat Caramel Dip,Snack,100,0.5,0,0,5,35,23,0,15,0
McDonald’s,Chocolate McCafé Shake (12 fl oz cup),Drink,580,17,10,1,50,240,94,1,77,11
McDonald’s,Chocolate McCafé Shake (16 fl oz cup),Drink,720,20,12,1,60,300,119,1,98,15
McDonald’s,Chocolate McCafé Shake (22 fl oz cup),Drink,880,24,15,1.5,75,370,147,1,121,18
McDonald’s,Chocolate Triple Thick Shake (12 fl oz cup),Drink,440,10,6,0.5,40,190,76,1,63,10
McDonald’s,Chocolate Triple Thick Shake (16 fl oz cup),Drink,580,14,8,1,50,250,102,1,84,13
McDonald’s,Chocolate Triple Thick Shake (21 fl oz cup),Drink,770,18,11,1,70,330,134,1,111,18
McDonald’s,Chocolate Triple Thick Shake (32 fl oz cup),Drink,1160,27,16,2,100,510,203,2,168,27
McDonald’s,Snack Size McFlurry with M&M’S Candies,Dessert,430,16,10,0.5,35,130,64,2,59,9
McDonald’s,Snack Size McFlurry with OREO Cookies,Dessert,340,12,6,0,30,200,53,2,43,8
McDonald’s,Strawberry McCafé Shake (12 fl oz cup),Drink,570,17,10,1,50,170,92,0,79,11
McDonald’s,Strawberry McCafé Shake (16 fl oz cup),Drink,710,20,12,1,65,210,116,0,100,14
McDonald’s,Strawberry McCafé Shake (22 fl oz cup),Drink,860,24,15,1.5,75,260,144,0,124,18
McDonald’s,Strawberry Triple Thick Shake (12 fl oz cup),Drink,420,10,6,0.5,40,130,73,0,63,10
McDonald’s,Strawberry Triple Thick Shake (16 fl oz cup),Drink,560,13,8,1,50,170,97,0,84,13
McDonald’s,Strawberry Triple Thick Shake (21 fl oz cup),Drink,740,18,11,1,70,230,128,0,111,17
McDonald’s,Strawberry Triple Thick Shake (32 fl oz cup),Drink,1110,26,16,2,100,350,194,0,168,25
McDonald’s,Vanilla McCafé Shake (12 fl oz cup),Drink,540,16,10,1,45,170,88,0,64,10
McDonald’s,Vanilla McCafé Shake (16 fl oz cup),Drink,680,20,12,1,60,220,111,0,82,14
McDonald’s,Vanilla McCafé Shake (22 fl oz cup),Drink,830,24,14,1.5,75,270,138,0,103,17
McDonald’s,Vanilla Triple Thick Shake (32 fl oz cup),Drink,1110,26,16,2,100,370,193,0,145,25
McDonald’s,Vanilla Triple Thick Shake (12 fl oz cup),Drink,420,10,6,0.5,40,140,72,0,54,9
McDonald’s,Vanilla Triple Thick Shake (16 fl oz cup),Drink,550,13,8,1,50,190,96,0,72,13
McDonald’s,Vanilla Triple Thick Shake (21 fl oz cup),Drink,740,18,11,1,70,250,128,0,96,17
McDonald’s,1% Low Fat Milk Jug,Drink,100,2.5,1.5,0,10,125,12,0,12,8
McDonald’s,1% Low Fat Chocolate Milk Jug,Drink,170,3,1.5,0,5,150,26,1,25,9
McDonald’s,Minute Maid 100% Apple Juice Box,Drink,100,0,0,0,0,15,23,0,22,0
McDonald’s,Dasani Water,Drink,0,0,0,0,0,0,0,0,0,0
McDonald’s,Minute Maid Orange Juice (Small),Drink,150,0,0,0,0,0,30,0,30,2
McDonald’s,Minute Maid Orange Juice (Medium),Drink,190,0,0,0,0,0,39,0,39,3
McDonald’s,Minute Maid Orange Juice (Large),Drink,280,0,0,0,0,5,58,0,58,4
McDonald’s,Coca-Cola Classic (Child),Drink,110,0,0,0,0,5,29,0,29,0
McDonald’s,Coca-Cola Classic (Small),Drink,150,0,0,0,0,10,40,0,40,0
McDonald’s,Coca-Cola Classic (Medium),Drink,210,0,0,0,0,15,58,0,58,0
McDonald’s,Coca-Cola Classic (Large),Drink,310,0,0,0,0,20,86,0,86,0
Company,Item,Category,Calories,Total Fat (g),Saturated Fat (g),Trans Fat (g),Cholesterol (mg),Sodium (mg),Carbs (g),Fiber (g),Sugars (g),Protein (g)
McDonald’s,Diet Coke (Child),Drink,0,0,0,0,0,15,0,0,0,0
McDonald’s,Diet Coke (Small),Drink,0,0,0,0,0,20,0,0,0,0
McDonald’s,Diet Coke (Medium),Drink,0,0,0,0,0,30,0,0,0,0
McDonald’s,Diet Coke (Large),Drink,0,0,0,0,0,45,0,0,0,0
McDonald’s,Sprite (Child),Drink,110,0,0,0,0,30,28,0,28,0
McDonald’s,Sprite (Small),Drink,150,0,0,0,0,40,39,0,39,0
McDonald’s,Sprite (Medium),Drink,210,0,0,0,0,55,56,0,56,0
McDonald’s,Sprite (Large),Drink,310,0,0,0,0,80,83,0,83,0
McDonald’s,Hi-C Orange Lavaburst (Child),Drink,120,0,0,0,0,0,32,0,32,0
McDonald’s,Hi-C Orange Lavaburst (Small),Drink,160,0,0,0,0,5,44,0,44,0
McDonald’s,Hi-C Orange Lavaburst (Medium),Drink,240,0,0,0,0,10,64,0,64,0
McDonald’s,Hi-C Orange Lavaburst (Large),Drink,350,0,0,0,0,10,94,0,94,0
McDonald’s,POWERade Mountain Blast (Child),Drink,70,0,0,0,0,65,20,0,16,0
McDonald’s,POWERade Mountain Blast (Small),Drink,100,0,0,0,0,85,27,0,21,0
McDonald’s,POWERade Mountain Blast (Medium),Drink,150,0,0,0,0,130,39,0,31,0
McDonald’s,POWERade Mountain Blast (Large),Drink,220,0,0,0,0,190,58,0,46,0
McDonald’s,Iced Tea (Child),Drink,0,0,0,0,0,5,0,0,0,0
McDonald’s,Iced Tea (Small),Drink,0,0,0,0,0,10,0,0,0,0
McDonald’s,Iced Tea (Medium),Drink,0,0,0,0,0,15,0,0,0,0
McDonald’s,Iced Tea (Large),Drink,0,0,0,0,0,20,1,0,0,0
McDonald’s,Coffee (Small),Drink,0,0,0,0,0,0,0,0,0,0
McDonald’s,Coffee (Large),Drink,0,0,0,0,0,0,0,0,0,0
McDonald’s,Coffee Cream,Condiment,20,2,1.5,0,10,15,0,0,0,0
McDonald’s,Sugar Packet,Condiment,15,0,0,0,0,0,4,0,4,0
McDonald’s,"EQUAL 0 Calorie Sweetener",Condiment,0,0,0,0,0,0,1,0,1,0
McDonald’s,"SPLENDA No Calorie Sweetener",Condiment,0,0,0,0,0,0,1,0,1,0
McDonald’s,Iced Coffee– Caramel (Small),Drink,130,5,3.5,0,20,80,21,0,20,1
McDonald’s,Iced Coffee– Caramel (Medium),Drink,190,8,5,0,30,115,27,0,27,2
McDonald’s,Iced Coffee– Caramel (Large),Drink,270,11,7,0,40,160,41,0,41,2
McDonald’s,Iced Coffee– Hazelnut (Small),Drink,130,5,3.5,0,20,40,21,0,21,1
McDonald’s,Iced Coffee– Hazelnut (Medium),Drink,190,8,5,0,30,60,29,0,29,2
McDonald’s,Iced Coffee– Hazelnut (Large),Drink,270,11,7,0,40,85,43,0,43,2
McDonald’s,Iced Coffee– Regular (Small),Drink,140,5,3.5,0,20,40,22,0,22,1
McDonald’s,Iced Coffee– Regular (Medium),Drink,200,8,5,0,30,60,30,0,30,2
McDonald’s,Iced Coffee– Regular (Large),Drink,280,11,7,0,40,85,45,0,45,2
McDonald’s,Iced Coffee– Vanilla (Small),Drink,130,5,3.5,0,20,40,21,0,21,1
McDonald’s,Iced Coffee– Vanilla (Medium),Drink,190,8,5,0,30,60,29,0,28,2
McDonald’s,Iced Coffee– Vanilla (Large),Drink,270,11,7,0,40,80,43,0,43,2
McDonald’s,Iced Coffee with Sugar Free Vanilla Syrup (Small),Drink,60,5,3.5,0,20,70,8,0,1,1
McDonald’s,Iced Coffee with Sugar Free Vanilla Syrup (Medium),Drink,90,8,5,0,30,100,11,0,2,2
McDonald’s,Iced Coffee with Sugar Free Vanilla Syrup (Large),Drink,120,11,7,0,40,140,16,0,2,2
McDonald’s,Sweet Tea (Child),Drink,110,0,0,0,0,5,27,0,27,0
McDonald’s,Sweet Tea (Large),Drink,280,0,0,0,0,15,69,0,69,1
McDonald’s,Sweet Tea (Small),Drink,150,0,0,0,0,10,36,0,36,1
McDonald’s,Sweet Tea (Medium),Drink,180,0,0,0,0,10,45,0,45,1
McDonald’s,Nonfat Cappuccino (Small),Drink,60,0,0,0,5,85,9,0,9,6
McDonald’s,Nonfat Cappuccino (Medium),Drink,80,0,0,0,5,110,12,0,12,8
McDonald’s,Nonfat Cappuccino (Large),Drink,90,0,0,0,5,130,13,0,13,9
McDonald’s,Nonfat Latte (Small),Drink,90,0,0,0,5,115,13,0,13,9
McDonald’s,Nonfat Latte (Medium),Drink,110,0,0,0,5,140,15,0,15,10
McDonald’s,Nonfat Latte (Large),Drink,120,0,0,0,5,160,18,0,18,12
McDonald’s,Nonfat Caramel Cappuccino (Small),Drink,150,0,0,0,5,120,33,0,32,5
McDonald’s,Nonfat Caramel Cappuccino (Medium),Drink,190,0,0,0,5,150,41,0,41,6
McDonald’s,Nonfat Caramel Cappuccino (Large),Drink,230,0,0,0,5,180,49,0,49,7
McDonald’s,Nonfat Caramel Latte (Small),Drink,170,0,0,0,5,150,36,0,36,7
McDonald’s,Nonfat Caramel Latte (Medium),Drink,220,0,0,0,5,180,45,0,45,9
McDonald’s,Nonfat Caramel Latte (Large),Drink,260,0,0,0,5,220,53,0,53,10
McDonald’s,Nonfat Hazelnut Cappuccino (Small),Drink,150,0,0,0,5,70,34,0,34,5
McDonald’s,Nonfat Hazelnut Cappuccino (Medium),Drink,190,0,0,0,5,90,43,0,43,6
McDonald’s,Nonfat Hazelnut Cappuccino (Large),Drink,230,0,0,0,5,100,51,0,51,7
McDonald’s,Nonfat Hazelnut Latte (Small),Drink,180,0,0,0,5,95,37,0,37,7
McDonald’s,Nonfat Hazelnut Latte (Medium),Drink,220,0,0,0,5,115,46,0,46,9
McDonald’s,Nonfat Hazelnut Latte (Large),Drink,260,0,0,0,5,135,55,0,55,10
McDonald’s,Nonfat Vanilla Cappuccino (Small),Drink,150,0,0,0,5,70,34,0,34,5
McDonald’s,Nonfat Vanilla Cappuccino (Medium),Drink,190,0,0,0,5,90,42,0,42,6
McDonald’s,Nonfat Vanilla Cappuccino (Large),Drink,230,0,0,0,5,100,51,0,51,7
McDonald’s,Nonfat Vanilla Latte (Small),Drink,180,0,0,0,5,95,37,0,37,7
McDonald’s,Nonfat Vanilla Latte (Medium),Drink,220,0,0,0,5,115,46,0,46,9
McDonald’s,Nonfat Vanilla Latte (Large),Drink,260,0,0,0,5,135,55,0,55,10
McDonald’s,Nonfat Cappuccino with Sugar Free Vanilla Syrup (Small),Drink,50,0,0,0,5,100,15,0,8,5
McDonald’s,Nonfat Cappuccino with Sugar Free Vanilla Syrup (Medium),Drink,70,0,0,0,5,130,19,0,10,7
McDonald’s,Nonfat Cappuccino with Sugar Free Vanilla Syrup (Large),Drink,80,0,0,0,5,150,22,0,11,8
McDonald’s,Nonfat Latte with Sugar Free Vanilla Syrup (Small),Drink,80,0,0,0,5,130,18,0,11,7
McDonald’s,Nonfat Latte with Sugar Free Vanilla Syrup (Medium),Drink,90,0,0,0,5,160,22,0,13,9
McDonald’s,Nonfat Latte with Sugar Free Vanilla Syrup (Large),Drink,110,0,0,0,5,190,27,0,15,11
McDonald’s,Mocha with Nonfat Milk (Small),Drink,240,5,3,0,5,130,41,0,34,7
McDonald’s,Mocha with Nonfat Milk (Medium),Drink,280,6,3.5,0,10,160,50,0,42,8
McDonald’s,Mocha with Nonfat Milk (Large),Drink,330,6,3.5,0,10,190,58,0,50,10
McDonald’s,Hot Chocolate with Nonfat Milk (Small),Drink,250,5,3,0,10,140,43,0,37,8
McDonald’s,Hot Chocolate with Nonfat Milk (Medium),Drink,310,6,3.5,0,10,190,55,0,47,11
McDonald’s,Hot Chocolate with Nonfat Milk (Large),Drink,390,6,3.5,0,10,250,68,0,59,16
McDonald’s,Iced Nonfat Latte (Small),Drink,50,0,0,0,5,70,7,0,7,5
McDonald’s,Iced Nonfat Latte (Medium),Drink,60,0,0,0,5,90,9,0,9,6
McDonald’s,Iced Nonfat Latte (Large),Drink,70,0,0,0,5,105,11,0,11,7
McDonald’s,Iced Nonfat Caramel Latte (Small),Drink,140,0,0,0,0,105,30,0,30,3
McDonald’s,Iced Nonfat Caramel Latte (Medium),Drink,150,0,0,0,5,120,32,0,32,5
McDonald’s,Iced Nonfat Caramel Latte (Large),Drink,190,0,0,0,5,150,40,0,40,6
McDonald’s,Iced Nonfat Hazelnut Latte (Small),Drink,140,0,0,0,0,50,32,0,32,3
McDonald’s,Iced Nonfat Hazelnut Latte (Medium),Drink,150,0,0,0,5,70,33,0,33,5
McDonald’s,Iced Nonfat Hazelnut Latte (Large),Drink,190,0,0,0,5,80,42,0,42,6
McDonald’s,Iced Nonfat Vanilla Latte (Small),Drink,140,0,0,0,0,50,31,0,31,3
McDonald’s,Iced Nonfat Vanilla Latte (Medium),Drink,150,0,0,0,5,70,33,0,33,5
McDonald’s,Iced Nonfat Vanilla Latte (Large),Drink,190,0,0,0,5,85,41,0,41,6
McDonald’s,Iced Nonfat Latte with Sugar Free Vanilla Syrup (Small),Drink,40,0,0,0,0,85,13,0,5,4
McDonald’s,Iced Nonfat Latte with Sugar Free Vanilla Syrup (Medium),Drink,50,0,0,0,5,100,14,0,6,5
McDonald’s,Iced Nonfat Latte with Sugar Free Vanilla Syrup (Large),Drink,60,0,0,0,5,130,19,0,8,6
McDonald’s,Iced Mocha with Nonfat Milk (Medium),Drink,270,8,4.5,0,10,140,43,0,35,7
McDonald’s,Iced Nonfat Caramel Mocha (Large),Drink,300,6,4,0,10,230,49,0,45,11
McDonald’s,Iced Nonfat Caramel Mocha (Medium),Drink,240,6,4,0,10,190,37,0,34,9
McDonald’s,Iced Nonfat Caramel Mocha (Small),Drink,200,6,4,0,10,140,29,0,26,6
McDonald’s,Nonfat Caramel Mocha (Large),Drink,280,4,2.5,0,10,260,49,0,46,12
McDonald’s,Nonfat Caramel Mocha (Medium),Drink,240,4,2.5,0,5,200,41,0,38,9
McDonald’s,Nonfat Caramel Mocha (Small),Drink,200,4,2.5,0,5,170,34,0,31,8
McDonald’s,Cappuccino (Small),Drink,120,7,4,0,20,85,9,0,9,6
McDonald’s,Cappuccino (Medium),Drink,140,8,4.5,0,25,105,11,0,11,8
McDonald’s,Cappuccino (Large),Drink,180,10,6,0,30,130,13,0,13,9
McDonald’s,Latte (Small),Drink,150,8,4.5,0,25,105,11,0,11,8
McDonald’s,Latte (Medium),Drink,180,10,6,0,30,130,13,0,13,10
McDonald’s,Latte (Large),Drink,210,11,7,0,35,150,16,0,16,11
McDonald’s,Caramel Cappuccino (Small),Drink,200,5,3,0,15,125,32,0,32,5
McDonald’s,Caramel Cappuccino (Medium),Drink,240,6,3.5,0,20,150,41,0,40,6
McDonald’s,Caramel Cappuccino (Large),Drink,290,8,4.5,0,25,190,49,0,49,8
McDonald’s,Caramel Latte (Small),Drink,230,7,4,0,20,140,35,0,35,7
McDonald’s,Caramel Latte (Medium),Drink,280,8,4.5,0,25,170,43,0,43,8
McDonald’s,Caramel Latte (Large),Drink,330,9,5,0,30,210,52,0,51,9
McDonald’s,Hazelnut Cappuccino (Small),Drink,200,5,3,0,15,70,34,0,34,5
McDonald’s,Hazelnut Cappuccino (Medium),Drink,240,6,3.5,0,20,85,42,0,42,6
McDonald’s,Hazelnut Cappuccino (Large),Drink,290,8,4.5,0,25,105,51,0,51,7
McDonald’s,Hazelnut Latte (Small),Drink,230,7,4,0,20,90,36,0,36,7
McDonald’s,Hazelnut Latte (Medium),Drink,280,8,4.5,0,25,110,45,0,45,8
McDonald’s,Hazelnut Latte (Large),Drink,330,9,5,0,30,130,53,0,53,9
McDonald’s,Vanilla Cappuccino (Small),Drink,200,5,3,0,15,70,34,0,34,5
McDonald’s,Vanilla Cappuccino (Medium),Drink,240,6,3.5,0,20,85,42,0,42,6
McDonald’s,Vanilla Cappuccino (Large),Drink,290,8,4.5,0,25,105,51,0,51,7
McDonald’s,Vanilla Latte (Small),Drink,230,7,4,0,20,90,36,0,36,7
McDonald’s,Vanilla Latte (Medium),Drink,280,8,4.5,0,25,110,44,0,44,8
McDonald’s,Vanilla Latte (Large),Drink,330,9,5,0,30,130,53,0,53,9
McDonald’s,Cappuccino with Sugar Free Vanilla Syrup (Small),Drink,100,5,3,0,15,105,15,0,7,5
McDonald’s,Cappuccino with Sugar Free Vanilla Syrup (Medium),Drink,120,6,3.5,0,20,130,18,0,9,6
McDonald’s,Cappuccino with Sugar Free Vanilla Syrup (Large),Drink,150,8,4.5,0,25,160,22,0,11,8
McDonald’s,Latte with Sugar Free Vanilla Syrup (Small),Drink,130,7,4,0,20,125,17,0,10,7
McDonald’s,Latte with Sugar Free Vanilla Syrup (Medium),Drink,160,8,5,0,25,150,21,0,11,8
McDonald’s,Latte with Sugar Free Vanilla Syrup (Large),Drink,180,10,6,0,30,180,25,0,13,10
McDonald’s,Mocha (Small),Drink,280,11,6,0,20,125,40,0,33,6
McDonald’s,Mocha (Medium),Drink,330,12,7,0,25,150,48,0,41,7
McDonald’s,Mocha (Large),Drink,400,14,8,0.5,30,190,58,0,49,10
McDonald’s,Hot Chocolate (Small),Drink,300,12,7,0,25,135,41,0,35,8
McDonald’s,Hot Chocolate (Medium),Drink,380,15,9,0.5,30,170,53,0,45,10
McDonald’s,Hot Chocolate (Large),Drink,460,18,10,0.5,40,220,63,0,54,13
McDonald’s,Iced Latte (Small),Drink,80,4.5,2.5,0,15,65,6,0,6,4
McDonald’s,Iced Latte (Medium),Drink,100,6,3.5,0,15,80,8,0,8,6
McDonald’s,Iced Latte (Large),Drink,140,8,4.5,0,25,105,10,0,10,7
McDonald’s,Iced Caramel Latte (Small),Drink,160,3,1.5,0,10,100,29,0,29,3
McDonald’s,Iced Caramel Latte (Medium),Drink,180,4.5,2.5,0,15,120,31,0,31,4
McDonald’s,Iced Caramel Latte (Large),Drink,230,6,3.5,0,15,150,40,0,40,6
McDonald’s,Iced Hazelnut Latte (Small),Drink,160,3,1.5,0,10,45,31,0,31,3
McDonald’s,Iced Hazelnut Latte (Medium),Drink,180,4.5,2.5,0,15,65,33,0,33,4
McDonald’s,Iced Hazelnut Latte (Large),Drink,230,6,3.5,0,15,85,41,0,41,6
McDonald’s,Iced Vanilla Latte (Small),Drink,160,3,1.5,0,10,45,31,0,31,3
McDonald’s,Iced Vanilla Latte (Medium),Drink,190,4.5,2.5,0,15,70,33,0,33,5
McDonald’s,Iced Vanilla Latte (Large),Drink,230,6,3.5,0,15,85,41,0,41,6
McDonald’s,Iced Latte with Sugar Free Vanilla Syrup (Small),Drink,60,3,2,0,10,80,12,0,4,3
McDonald’s,Iced Latte with Sugar Free Vanilla Syrup (Medium),Drink,90,5,3,0,15,105,14,0,6,5
McDonald’s,Iced Latte with Sugar Free Vanilla Syrup (Large),Drink,110,6,3.5,0,15,130,19,0,8,6
McDonald’s,Iced Mocha (Medium),Drink,310,13,8,0,25,140,42,0,35,7
McDonald’s,Caramel Mocha (Large),Drink,360,14,8,0.5,35,220,47,0,46,10
McDonald’s,Caramel Mocha (Medium),Drink,290,12,7,0,25,180,39,0,38,8
McDonald’s,Caramel Mocha (Small),Drink,250,11,6,0,25,150,33,0,31,7
McDonald’s,Iced Caramel Mocha (Large),Drink,380,16,9,0.5,35,210,48,0,46,10
McDonald’s,Iced Caramel Mocha (Medium),Drink,300,14,8,0,30,160,36,0,33,8
McDonald’s,Iced Caramel Mocha (Small),Drink,240,12,7,0,25,130,29,0,26,6
McDonald’s,Frappe Caramel (Small),Drink,450,20,13,1,55,135,61,0,57,6
McDonald’s,Frappe Caramel (Medium),Drink,550,24,15,1,70,160,76,0,71,8
McDonald’s,Frappe Caramel (Large),Drink,680,29,18,1.5,85,200,94,0,88,10
McDonald’s,Frappe Mocha (Small),Drink,450,20,13,1,55,130,62,1,56,7
McDonald’s,Frappe Mocha (Medium),Drink,560,24,15,1,65,160,78,1,70,8
McDonald’s,Frappe Mocha (Large),Drink,680,28,18,1,80,200,96,1,87,10
McDonald’s,Strawberry Banana Smoothie (Large),Drink,330,1,0.5,0,5,55,77,4,70,3
McDonald’s,Strawberry Banana Smoothie (Medium),Drink,260,1,0,0,5,40,60,3,54,2
McDonald’s,Strawberry Banana Smoothie (Small),Drink,210,0.5,0,0,5,35,49,2,44,2
McDonald’s,Wild Berry Smoothie (Large),Drink,320,1,0.5,0,5,45,75,4,69,3
McDonald’s,Wild Berry Smoothie (Medium),Drink,260,1,0,0,5,35,60,4,55,3
McDonald’s,Wild Berry Smoothie (Small),Drink,210,0.5,0,0,5,30,48,3,44,2
Burger King,Whopper Sandwich,Sandwich,660,40,12,1.5,90,980,49,2,11,28
Burger King,Whopper Sandwich with Cheese,Sandwich,740,46,16,2,115,1340,50,2,11,32
Burger King,Bacon & Cheese Whopper Sandwich,Sandwich,790,51,17,2,125,1560,50,2,11,35
Burger King,Double Whopper Sandwich,Sandwich,900,58,20,3,175,1050,49,2,11,48
Burger King,Double Whopper Sandwich with Cheese,Sandwich,980,64,24,3,195,1410,50,2,11,52
Burger King,Triple Whopper Sandwich,Sandwich,1130,75,28,4,255,1120,49,2,11,67
Burger King,Triple Whopper Sandwich with Cheese,Sandwich,1220,82,32,4.5,280,1470,50,2,11,71
Burger King,Whopper JR. Sandwich,Sandwich,310,18,5,0.5,40,390,27,1,7,13
Burger King,Bacon King Sandwich,Sandwich,1150,79,31,3.5,240,2150,49,2,10,61
Burger King,Cheddar Bacon King Sandwich,Sandwich,1190,84,33,3.5,235,1930,50,2,11,64
Burger King,Single Quarter Pound King Sandwich,Sandwich,580,29,13,1.5,105,1310,49,2,10,32
Burger King,Double Quarter Pound King Sandwich,Sandwich,900,54,25,3,210,1740,50,2,11,56
Burger King,Single Stacker King,Sandwich,700,42,16,2,125,1360,48,1,10,35
Burger King,Double Stacker King,Sandwich,1050,68,28,3.5,235,1870,49,1,11,61
Burger King,IMPOSSIBLE Whopper Sandwich,Sandwich,630,34,11,0,10,1080,58,4,12,25
Burger King,Hamburger,Sandwich,240,10,3.5,0.5,35,380,26,1,6,13
Burger King,Cheeseburger,Sandwich,280,13,6,0.5,45,560,27,1,7,15
Burger King,Double Hamburger,Sandwich,350,18,7,1,70,410,26,1,6,21
Burger King,Double Cheeseburger,Sandwich,390,21,9,1.5,85,590,27,1,7,23
Burger King,Extra Long Cheeseburger,Sandwich,630,37,14,1.5,100,1050,45,2,9,29
Burger King,Bacon Cheeseburger,Sandwich,320,16,7,0.5,55,710,27,1,7,17
Burger King,Bacon Double Cheeseburger,Sandwich,420,24,10,1.5,90,740,27,1,7,25
Burger King,Crispy Chicken Sandwich,Sandwich,670,41,7,0,60,1080,54,2,8,23
Burger King,Spicy Crispy Chicken Sandwich,Sandwich,700,42,7,0,65,1140,57,3,8,25
Burger King,Original Chicken Sandwich,Sandwich,660,40,7,0,75,1170,48,2,5,28
Burger King,Bacon & Cheese Crispy Chicken Sandwich,Sandwich,800,52,13,1,95,1650,55,2,8,30
Burger King,BBQ Bacon Crispy Chicken Sandwich,Sandwich,790,49,10,0.5,80,1630,60,2,13,28
Burger King,Crispy Chicken Jr.,Sandwich,450,30,5,0,30,780,34,2,5,12
Burger King,Spicy Crispy Chicken Jr.,Sandwich,390,21,3.5,0,30,740,37,2,6,12
Burger King,Chicken Nuggets- 4pc,Extra,170,11,1.5,0,25,310,11,1,0,8
Burger King,Chicken Nuggets- 6pc,Extra,260,16,2.5,0,35,470,16,1,0,12
Burger King,Chicken Nuggets- 10pc,Extra,430,27,4.5,0,55,780,27,2,0,20
Burger King,Chicken Nuggets- 20pc,Extra,860,54,9,0,115,1570,53,3,1,39
Burger King,Spicy Chicken Nuggets- 4pc,Extra,210,15,3,0,20,570,11,2,0,8
Burger King,Spicy Chicken Nuggets- 6pc,Extra,320,22,4.5,0,35,850,17,3,0,12
Burger King,Spicy Chicken Nuggets- 10 pc,Extra,530,37,7,0,55,1420,28,4,1,20
Burger King,Spicy Chicken Nuggets- 20 pc,Extra,1050,74,15,0,110,2840,56,9,1,40
Burger King,Chicken Fries – 9 pc.,Extra,280,17,2.5,0,35,850,20,1,1,13
Burger King,Crispy Taco,Extra,170,9,3,0,10,410,19,2,1,5
Burger King,BIG FISH Sandwich,Sandwich,510,28,4.5,0,30,1180,51,2,7,16
Burger King,Garden Chicken Salad with Crispy Chicken – no dressing,Salad,440,25,7,0,75,930,31,3,4,25
Burger King,Club Salad with Crispy Chicken – no dressing,Salad,540,33,10,0,95,1380,31,3,5,31
Burger King,Garden Side Salad – w/o dressing,Salad,60,4,2.5,0,10,95,3,1,2,4
Burger King,Ken’s Ranch Dressing,Sauces,260,28,4,0,10,240,2,0,2,1
Burger King,Ken’s Golden Italian Dressing,Sauces,160,17,2.5,0,0,380,4,0,3,0
Burger King,Ken’s Lite Honey Balsamic Vinaigrette,Sauces,120,8,1,0,0,220,14,0,11,0
Burger King,Onion Rings – value,Extra,150,8,1.5,0,0,400,19,1,2,1
Burger King,Onion Rings – small,Extra,320,16,3,0,0,840,41,3,4,3
Burger King,Onion Rings – medium,Extra,410,21,3.5,0,0,1080,53,4,5,4
Burger King,Onion Rings – large,Extra,500,25,4.5,0,0,1310,64,5,7,5
Burger King,French Fries – value (unsalted),Extra,220,9,1.5,0,0,210,34,3,1,2
Burger King,French Fries – small,Extra,320,13,2,0,0,300,49,5,1,4
Burger King,French Fries – medium,Extra,380,16,2,0,0,360,58,6,1,4
Burger King,French Fries – large,Extra,430,18,2.5,0,0,410,66,7,2,5
Burger King,Kids Oatmeal,Breakfast,170,3,1.5,0,5,260,32,3,12,4
Burger King,Chicken Nuggets- 4pc,Extra,170,11,1.5,0,25,310,11,1,0,8
Burger King,Chicken Nuggets- 6pc,Extra,260,16,2.5,0,35,470,16,1,0,12
Burger King,Hamburger,Sandwich,240,10,3.5,0.5,35,380,26,1,6,13
Burger King,Cheeseburger,Sandwich,280,13,6,0.5,45,560,27,1,7,15
Burger King,Mott’s Natural Applesauce,Extra,50,0,0,0,0,0,13,1,11,0
Burger King,Fat FREE Milk (8 fl oz),Extra,90,0,0,0,5,125,13,0,12,9
Burger King,1% Low Fat Chocolate Milk (8 fl oz),Extra,160,2.5,1.5,0,15,150,26,0,25,8
Burger King,Capri Sun 100% Apple Juice (6 fl oz),Extra,80,0,0,0,0,25,20,0,20,0
Burger King,PB&J Jamwich,Sandwich,300,16,3,0,0,290,33,4,11,11
Burger King,Soft Serve Cone,Extra,190,4.5,3,0,20,150,32,0,24,5
Burger King,Dutch Apple Pie,Extra,340,14,6,0,0,310,51,1,25,3
Burger King,HERSHEY’S Sundae Pie,Extra,310,19,12,0,10,220,32,1,22,3
Burger King,Pie made with TWIX,Extra,370,20,13,0,10,330,45,1,30,4
Burger King,OREO Cookie Cheesecake,Extra,350,18,8,0,35,310,41,1,25,6
Burger King,Soft Serve Cup,Extra,170,4.5,3,0,20,150,28,0,24,5
Burger King,HERSHEY’s Chocolate Sundae,Extra,260,5,3,0,20,160,49,1,43,5
Burger King,Caramel Sundae,Extra,240,5,3.5,0,20,210,42,0,33,5
Burger King,Chocolate Chip Cookies (each),Extra,160,8,4,0,10,125,24,1,15,2
Burger King,CROISSAN’WICH Egg & Cheese,Breakfast,340,18,8,0,160,610,29,1,4,12
Burger King,"CROISSAN’WICH Sausage, Egg & Cheese",Breakfast,500,33,13,0,195,930,30,1,4,19
Burger King,"CROISSAN’WICH Ham, Egg & Cheese",Breakfast,370,19,8,0,175,1030,30,1,5,17
Burger King,"CROISSAN’WICH Bacon, Egg & Cheese",Breakfast,370,21,9,0,170,760,30,1,4,14
Burger King,Fully Loaded CROISSAN’WICH,Breakfast,610,40,17,0.5,225,1680,31,1,5,28
Burger King,Double CROISSAN’WICH with Sausage & Bacon,Breakfast,580,40,16,0.5,215,1260,31,1,5,23
Burger King,Double CROISSAN’WICH with Sausage,Breakfast,710,52,20,0.5,240,1420,31,1,5,29
Burger King,Double CROISSAN’WICH with Ham & Sausage,Breakfast,580,38,16,0.5,220,1530,31,1,5,27
Burger King,Fully Loaded Biscuit,Breakfast,640,45,20,0,225,2190,31,1,4,28
Burger King,"Ham, Egg, & Cheese Biscuit",Breakfast,400,24,12,0,175,1550,29,1,3,17
Burger King,"Sausage, Egg, & Cheese Biscuit",Breakfast,530,38,17,0,195,1440,29,1,3,19
Burger King,"Bacon, Egg & Cheese Biscuit",Breakfast,400,26,13,0,170,1270,29,1,3,13
Burger King,Sausage Biscuit,Breakfast,420,28,6,0,35,1050,28,1,2,12
Burger King,Breakfast Burrito Jr.,Breakfast,370,23,8,0,150,930,27,3,2,15
Burger King,EGG-NORMOUS BURRITOΡ,Breakfast,780,42,15,0,355,1960,68,3,4,32
Burger King,BK Ultimate Breakfast Platter,Breakfast,930,44,11,0,390,2230,110,4,40,24
Burger King,NY Ultimate Platter (Regional menu item),Breakfast,900,46,12,0,380,1760,95,5,31,25
Burger King,Pancake and Sausage platter,Breakfast,610,31,9,0,80,1010,72,1,30,12
Burger King,Hash Browns – small,Breakfast,250,16,3.5,0,0,580,24,3,0,2
Burger King,Hash Browns – medium,Breakfast,500,33,7,0,0,1140,48,7,0,4
Burger King,Hash Browns – large,Breakfast,670,44,9,0,0,1530,65,9,0,5
Burger King,French Toast Sticks (3 piece),Breakfast,230,11,2,0,0,260,29,1,8,3
Burger King,French Toast Sticks (5 piece),Breakfast,380,18,3,0,0,430,49,2,13,5
Burger King,American Cheese (slice),Extra,40,3.5,2,0,10,180,1,0,0,2
Burger King,Ketchup (Packet),Condiment,10,0,0,0,0,125,3,0,2,0
Burger King,Mayonnaise (Packet),Condiment,80,9,0.5,0,10,75,1,0,0,0
Burger King,Strawberry or Grape Jam (packet),Condiment,30,0,0,0,0,0,7,0,6,0
Burger King,Breakfast Syrup (1 oz),Condiment,120,0,0,0,0,15,30,0,18,0
Burger King,Barbecue Dipping Sauce (1 oz),Sauces,40,0,0,0,0,310,11,0,10,0
Burger King,Ranch Dipping Sauce (1 oz),Sauces,140,15,2.5,0,10,85,1,0,1,1
Burger King,Buffalo Dipping Sauce (1 oz),Sauces,80,8,1.5,0,5,360,2,0,1,0
Burger King,Zesty Onion Ring Dipping Sauce (1 oz),Sauces,150,15,2.5,0,20,240,3,0,0,0
Burger King,Honey Mustard Dipping Sauce (1oz),Sauces,90,6,1,0,10,180,8,0,7,0
Burger King,Fat FREE Milk (8 fl oz),Drink,90,0,0,0,5,125,13,0,12,9
Burger King,1% Low Fat Chocolate Milk (8 fl oz),Drink,160,2.5,1.5,0,15,150,26,0,25,8
Burger King,Smoothie: Strawberry Banana 16 fl oz,Drink,310,1,0,0,0,55,71,3,50,4
Burger King,Oreo Shake,Drink,720,20,12,0.5,65,540,118,1,98,16
Burger King,Chocolate Oreo Shake,Drink,740,22,13,0.5,70,680,121,1,101,17
Burger King,Vanilla Milk Shake,Drink,580,15,10,0,60,420,98,0,85,14
Burger King,HERSHEY’S Chocolate Milk Shake,Drink,610,16,10,0,60,500,103,1,88,14
Burger King,Strawberry Milk Shake,Drink,640,15,10,0,60,440,113,0,99,14
Burger King,Coca Cola classic (16 fl oz),Drink,210,0,0,0,0,50,58,0,58,0
Burger King,Coca Cola classic (20 fl oz),Drink,270,0,0,0,0,60,73,0,73,0
Burger King,Coca Cola classic (29 fl oz),Drink,290,0,0,0,0,85,105,0,105,0
Burger King,Coca Cola classic (38 fl oz),Drink,510,0,0,0,0,115,138,0,138,0
Burger King,Diet Coke (16 fl oz),Drink,0,0,0,0,0,70,0,0,0,0
Burger King,Diet Coke (20 fl oz),Drink,0,0,0,0,0,85,0,0,0,0
Burger King,Diet Coke (29 fl oz),Drink,0,0,0,0,0,120,0,0,0,0
Burger King,Diet Coke (38 fl oz),Drink,0,0,0,0,0,160,0,0,0,0
Burger King,Sprite (16 fl oz),Drink,210,0,0,0,0,95,56,0,56,0
Burger King,Sprite (20 fl oz),Drink,260,0,0,0,0,120,70,0,70,0
Burger King,Sprite (29 fl oz),Drink,380,0,0,0,0,170,102,0,102,0
Burger King,Sprite (38 fl oz),Drink,500,0,0,0,0,230,133,0,133,0
Burger King,Dr. Pepper (16 fl oz),Drink,190,0,0,0,0,60,52,0,51,0
Burger King,Dr. Pepper (20 fl oz),Drink,240,0,0,0,0,75,65,0,64,0
Burger King,Dr. Pepper (29 fl oz),Drink,350,0,0,0,0,105,94,0,93,0
Burger King,Dr. Pepper (38 fl oz),Drink,450,0,0,0,0,140,124,0,121,0
Burger King,Barq’s Root Beer (16 fl oz),Drink,240,0,0,0,0,100,65,0,65,0
Burger King,Barq’s Root Beer (20 fl oz),Drink,300,0,0,0,0,120,81,0,81,0
Burger King,Barq’s Root Beer (29 fl oz),Drink,350,0,0,0,0,180,118,0,118,0
Burger King,Barq’s Root Beer (38 fl oz),Drink,450,0,0,0,0,230,155,0,155,0
Burger King,Cherry Coke (16 fl oz),Drink,220,0,0,0,0,55,61,0,61,0
Burger King,Cherry Coke (20 fl oz),Drink,280,0,0,0,0,70,76,0,76,0
Burger King,Cherry Coke (29 fl oz),Drink,410,0,0,0,0,100,110,0,110,0
Burger King,Cherry Coke (38 fl oz),Drink,450,0,0,0,0,130,145,0,145,0
Burger King,Fanta Orange (16 fl oz),Drink,230,0,0,0,0,60,62,0,61,0
Burger King,Fanta Orange (20 fl oz),Drink,280,0,0,0,0,70,78,0,77,0
Burger King,Fanta Orange (29 fl oz),Drink,410,0,0,0,0,105,113,0,111,0
Burger King,Fanta Orange (38 fl oz),Drink,530,0,0,0,0,135,148,0,146,0
Burger King,Hi-C Fruit Punch (16 fl oz),Drink,220,0,0,0,0,75,62,0,60,0
Burger King,Hi-C Fruit Punch (20 fl oz),Drink,280,0,0,0,0,95,77,0,75,0
Burger King,Hi-C Fruit Punch (29 fl oz),Drink,410,0,0,0,0,135,111,0,109,0
Burger King,Hi-C Fruit Punch (38 fl oz),Drink,450,0,0,0,0,180,146,0,143,0
Burger King,MINUTE MAID Light Lemonade (16 fl oz),Drink,10,0,0,0,0,60,3,0,0,0
Burger King,MINUTE MAID Light Lemonade (20 fl oz),Drink,10,0,0,0,0,70,4,0,0,0
Burger King,MINUTE MAID Light Lemonade (29 fl oz),Drink,15,0,0,0,0,105,5,0,0,0
Burger King,MINUTE MAID Light Lemonade (38 fl oz),Drink,20,0,0,0,0,135,7,0,0,0
Burger King,Sweet Tea (20 fl oz),Drink,120,0,0,0,0,0,35,0,35,0
Burger King,Sweet Tea (29 fl oz),Drink,160,0,0,0,0,0,49,0,49,0
Burger King,Sweet Tea (40 fl oz),Drink,240,0,0,0,0,0,71,0,71,0
Burger King,Unsweetened Tea (20 fl oz),Drink,0,0,0,0,0,0,0,0,0,0
Burger King,Unsweetened Tea (29 fl oz),Drink,0,0,0,0,0,0,0,0,0,0
Burger King,Unsweetened Tea (40 fl oz),Drink,0,0,0,0,0,0,0,0,0,0
Burger King,Capri Sun 100% Apple Juice,Drink,80,0,0,0,0,25,20,0,20,0
Burger King,Minute Maid Orange Juice,Drink,140,0,0,0,0,20,33,0,30,2
Burger King,Frozen Coke – 16 oz,Drink,130,0,0,0,0,50,35,0,35,0
Burger King,BK Café Coffee (12 fl oz),Drink,0,0,0,0,0,0,0,0,0,0
Burger King,BK Café Coffee (16 fl oz),Drink,0,0,0,0,0,0,0,0,0,0
Burger King,BK Café Coffee (20 fl oz),Drink,0,0,0,0,0,0,0,0,0,0
Burger King,BK Café Decaf Coffee (12 fl oz),Drink,0,0,0,0,0,0,0,0,0,0
Burger King,BK Café Decaf Coffee (16 fl oz),Drink,0,0,0,0,0,0,0,0,0,0
Burger King,BK Café Decaf Coffee (20 fl oz),Drink,0,0,0,0,0,0,0,0,0,0
Burger King,BK Café Iced Vanilla Coffee (12 fl oz),Drink,150,8,4,0,25,30,21,0,21,1
Burger King,BK Café Iced Vanilla Coffee (16 fl oz),Drink,200,10,5,0,30,40,27,0,27,2
Burger King,BK Café Iced Vanilla Coffee (20 fl oz),Drink,260,13,7,0,40,50,34,0,34,2
Burger King,BK Café Iced Mocha Coffee (12 fl oz),Drink,180,8,4,0,25,40,27,1,25,2
Burger King,BK Café Iced Mocha Coffee (16 fl oz),Drink,240,10,6,0,30,55,35,1,32,2
Burger King,BK Café Iced Mocha Coffee (20 fl oz),Drink,300,13,7,0,40,70,45,2,41,3
Burger King,BK Café Mocha Frappe (12 fl oz),Drink,300,8,5,0,30,200,50,1,41,7
Burger King,BK Café Mocha Frappe (16 fl oz),Drink,400,10,7,0,40,270,68,1,58,9
Burger King,BK Café Mocha Frappe (20 fl oz),Drink,510,13,8,0,50,350,87,1,71,12
Burger King,BK Café Caramel Frappe (12 fl oz),Drink,300,8,5,0,35,210,50,0,41,7
Burger King,BK Café Caramel Frappe (16 fl oz),Drink,400,10,7,0,40,280,68,0,56,9
Burger King,BK Café Caramel Frappe (20 fl oz),Drink,500,12,8,0,50,350,86,0,71,11
Wendy’s,Baconator,Sandwich,950,62,24,3,205,1630,40,2,8,59
Wendy’s,Dave’s Double,Sandwich,810,51,20,3,175,1280,41,3,8,49
Wendy’s,Dave’s Single,Sandwich,570,34,13,1.5,100,1110,40,3,9,30
Wendy’s,Dave’s Triple,Sandwich,1090,72,30,4,260,1650,43,3,9,71
Wendy’s,Double Stack,Sandwich,390,21,9,1.5,90,740,26,1,6,25
Wendy’s,Jr. Bacon Cheeseburger,Sandwich,380,22,8,1,65,680,25,1,5,19
Wendy’s,Jr. Cheeseburger,Sandwich,280,13,6,1,50,660,26,1,6,16
Wendy’s,Jr. Cheeseburger Deluxe,Sandwich,340,19,7,1,55,660,27,2,7,16
Wendy’s,Son of Baconator,Sandwich,630,39,15,1.5,125,1280,37,2,7,34
Wendy’s,3 Piece Chicken Tenders,Extra,330,16,2.5,0,75,1010,22,0,0,24
Wendy’s,4 Piece Chicken Nuggets,Extra,170,11,2,0,35,340,10,0,0,9
Wendy’s,4 Piece Chicken Tenders,Extra,430,21,3.5,0,100,1350,29,0,1,32
Wendy’s,6 Piece Chicken Nuggets,Extra,250,16,3.5,0,50,510,14,1,0,13
Wendy’s,6 Piece Chicken Tenders,Extra,650,32,5,0,150,2020,43,0,1,48
Wendy’s,10 Piece Chicken Nuggets,Extra,420,27,5,0,80,850,24,1,0,22
Wendy’s,Crispy Chicken BLT,Sandwich,420,23,6,0,50,950,35,2,5,20
Wendy’s,Crispy Chicken Sandwich,Sandwich,330,16,3,0,30,600,33,2,4,14
Wendy’s,Grilled Asiago Ranch Club,Sandwich,530,23,7,0,120,1220,36,3,6,43
Wendy’s,Grilled Chicken Sandwich,Sandwich,370,10,2,0,90,830,38,3,8,34
Wendy’s,Grilled Chicken Wrap,Wrap,270,10,3.5,0,55,640,24,2,3,20
Wendy’s,Homestyle Asiago Ranch Chicken Club,Sandwich,660,34,9,0,100,1650,52,3,7,38
Wendy’s,Homestyle Chicken Sandwich,Sandwich,510,22,4,0,70,1150,51,3,6,28
Wendy’s,S’Awesome Sauce,Sauces,120,12,2,0,0,170,4,1,3,1
Wendy’s,Spicy Asiago Ranch Club,Sandwich,670,32,9,0,100,1530,55,4,6,38
Wendy’s,Spicy Chicken Sandwich,Sandwich,510,20,3.5,0,65,1030,54,4,6,29
Wendy’s,Spicy Chicken Wrap,Wrap,370,20,5,0,50,850,30,2,2,18
Wendy’s,"Apple Pecan Chicken Salad, Full Size",Salad,560,24,7,0,115,1020,52,7,40,38
Wendy’s,"Apple Pecan Chicken Salad, Half Size",Salad,340,17,4,0,55,550,29,4,22,20
Wendy’s,"Berry Burst Chicken Salad, Full Size",Salad,460,17,4.5,0,105,1090,41,7,29,41
Wendy’s,"Berry Burst Chicken Salad, Half Size",Salad,290,13,2.5,0,50,570,23,5,15,23
Wendy’s,Caesar Side Salad,Salad,240,15,4,0,30,500,19,3,4,8
Wendy’s,Garden Side Salad,Salad,250,18,4,0,20,460,18,2,4,7
Wendy’s,"Southwest Avocado Chicken Salad, Full Size",Salad,600,41,11,0,135,1220,18,7,7,42
Wendy’s,"Southwest Avocado Chicken Salad, Half Size",Salad,300,20,6,0,70,620,10,4,4,21
Wendy’s,"Spicy Caesar Chicken Salad, Full Size",Salad,720,42,12,1,150,1680,44,8,6,42
Wendy’s,"Spicy Caesar Chicken Salad, Half Size",Salad,410,23,6,0.5,75,930,30,5,4,23
Wendy’s,"Taco Salad, Full Size",Salad,660,32,13,1,85,1820,63,10,18,32
Wendy’s,"Taco Salad, Half Size",Salad,470,23,8,0.5,45,1320,49,7,12,19
Wendy’s,Apple Bites,Extra,35,0,0,0,0,0,9,2,7,0
Wendy’s,Baconator Fries,Extra,490,28,9,0,35,550,45,4,2,14
Wendy’s,Bacon Cheese Baked Potato,Extra,440,14,6,0,35,550,64,7,4,17
Wendy’s,Cheese Baked Potato,Extra,430,13,7,0,30,560,65,7,5,14
Wendy’s,Chili & Cheese Baked Potato,Extra,460,11,5,0,35,710,71,8,7,19
Wendy’s,"Chili, Large",Extra,250,7,3,0.5,50,1170,23,5,9,23
Wendy’s,"Chili, Small",Extra,170,5,2,0,35,780,16,4,6,15
Wendy’s,Chili Cheese Fries,Extra,500,25,8,0.5,35,710,53,6,4,16
Wendy’s,"Natural-Cut Fries, Junior",Extra,230,10,2,0,0,15,30,3,0,3
Wendy’s,"Natural-Cut Fries, Large",Extra,530,24,4.5,0,0,520,70,6,0,7
Wendy’s,"Natural-Cut Fries, Medium",Extra,420,19,3.5,0,0,420,56,5,0,6
Wendy’s,"Natural-Cut Fries, Small",Extra,320,15,2.5,0,0,320,43,4,0,5
Wendy’s,Plain Baked Potato,Extra,270,0,0,0,0,25,61,7,3,7
Wendy’s,Sour Cream and Chive Baked Potato,Extra,310,2.5,2.5,0,10,35,63,7,4,8
Wendy’s,Summer Berry Burst Fruit Cup,Extra,20,0,0,0,0,0,5,1,3,0
Wendy’s,1% Chocolate Milk,Drink,150,2.5,1.5,0,10,170,26,0,23,7
Wendy’s,1% White Milk,Drink,90,2,1.5,0,10,105,10,0,10,7
Wendy’s,"All-Natural Lemonade, Large",Drink,380,0,0,0,0,0,100,0,93,0
Wendy’s,"All-Natural Lemonade, Medium",Drink,330,0,0,0,0,0,86,0,81,0
Wendy’s,"All-Natural Lemonade, Small",Drink,190,0,0,0,0,0,50,0,47,0
Wendy’s,"Apple Kiwi Fruit Tea, Large",Drink,330,0,0,0,0,60,83,0,80,0
Wendy’s,"Apple Kiwi Fruit Tea, Medium",Drink,300,0,0,0,0,50,76,0,73,0
Wendy’s,"Apple Kiwi Fruit Tea, Small",Drink,170,0,0,0,0,30,44,0,42,0
Wendy’s,"Barq’s Root Beer, Large",Drink,450,0,0,0,0,180,122,0,122,0
Wendy’s,"Barq’s Root Beer, Medium",Drink,360,0,0,0,0,150,98,0,98,0
Wendy’s,"Barq’s Root Beer, Small",Drink,220,0,0,0,0,90,61,0,61,0
Wendy’s,"Brewed Unsweetened Iced Tea, Large",Drink,5,0,0,0,0,25,2,0,0,0
Wendy’s,"Brewed Unsweetened Iced Tea, Medium",Drink,0,0,0,0,0,15,1,0,0,0
Wendy’s,"Brewed Unsweetened Iced Tea, Small",Drink,0,0,0,0,0,10,1,0,0,0
Wendy’s,"Caramel Iced Coffee, Medium",Drink,240,8,5,0,25,45,40,0,36,3
Wendy’s,"Caramel Iced Coffee, Small",Drink,160,6,3.5,0,20,30,26,0,24,2
Wendy’s,"Coca-Cola, Large",Drink,400,0,0,0,0,90,109,0,109,0
Wendy’s,"Coca-Cola, Medium",Drink,320,0,0,0,0,70,87,0,87,0
Wendy’s,"Coca-Cola, Small",Drink,200,0,0,0,0,45,54,0,54,0
Wendy’s,"Coca-Cola Zero Sugar, Large",Drink,0,0,0,0,0,100,1,0,0,0
Wendy’s,"Coca-Cola Zero Sugar, Medium",Drink,0,0,0,0,0,80,1,0,0,0
Wendy’s,"Coca-Cola Zero Sugar, Small",Drink,0,0,0,0,0,50,0,0,0,0
Wendy’s,"Diet Coke, Large",Drink,0,0,0,0,0,125,1,0,0,0
Wendy’s,"Diet Coke, Medium",Drink,0,0,0,0,0,100,1,0,0,0
Wendy’s,"Diet Coke, Small",Drink,0,0,0,0,0,45,0,0,0,0
Wendy’s,"Dr Pepper, Large",Drink,240,0,0,0,0,70,66,0,64,0
Wendy’s,"Dr Pepper, Medium",Drink,190,0,0,0,0,55,53,0,51,0
Wendy’s,"Dr Pepper, Small",Drink,120,0,0,0,0,35,33,0,32,0
Wendy’s,"Fanta Orange, Large",Drink,430,0,0,0,0,110,117,0,115,0
Wendy’s,"Fanta Orange, Medium",Drink,340,0,0,0,0,85,94,0,92,0
Wendy’s,"Fanta Orange, Small",Drink,210,0,0,0,0,55,59,0,58,0
Wendy’s,"Hi-C Flashin’ Fruit Punch, Large",Drink,420,0,0,0,0,140,115,0,113,0
Wendy’s,"Hi-C Flashin’ Fruit Punch, Medium",Drink,340,0,0,0,0,115,92,0,90,0
Wendy’s,"Hi-C Flashin’ Fruit Punch, Small",Drink,210,0,0,0,0,70,58,0,56,0
Wendy’s,"Honest Tropical Green Tea, Large",Drink,110,0,0,0,0,55,29,0,29,0
Wendy’s,"Honest Tropical Green Tea, Medium",Drink,90,0,0,0,0,40,22,0,22,0
Wendy’s,"Honest Tropical Green Tea, Small",Drink,60,0,0,0,0,25,14,0,14,0
Wendy’s,Hot Tea,Drink,0,0,0,0,0,0,1,0,0,0
Wendy’s,"Limeade, Large",Drink,460,0,0,0,0,55,117,0,111,0
Wendy’s,"Limeade, Medium",Drink,380,0,0,0,0,45,98,0,93,0
Wendy’s,"Limeade, Small",Drink,230,0,0,0,0,30,59,0,56,0
Wendy’s,"Minute Maid Light Lemonade, Large",Drink,15,0,0,0,0,10,2,0,0,0
Wendy’s,"Minute Maid Light Lemonade, Medium",Drink,10,0,0,0,0,10,1,0,0,0
Wendy’s,"Minute Maid Light Lemonade, Small",Drink,5,0,0,0,0,5,1,0,0,0
Wendy’s,"Mocha Iced Coffee, Medium",Drink,210,8,5,0,25,40,32,0,28,3
Wendy’s,"Mocha Iced Coffee, Small",Drink,170,6,3.5,0,20,30,28,0,25,2
Wendy’s,"Pear Berry Fruit Tea, Large",Drink,320,0,0,0,0,60,82,0,76,0
Wendy’s,"Pear Berry Fruit Tea, Medium",Drink,300,0,0,0,0,50,76,0,70,0
Wendy’s,"Pear Berry Fruit Tea, Small",Drink,170,0,0,0,0,30,44,0,40,0
Wendy’s,"Skinny Vanilla Iced Coffee, Medium",Drink,100,8,5,0,25,45,14,0,0,3
Wendy’s,"Skinny Vanilla Iced Coffee, Small",Drink,70,5,3.5,0,15,30,6,0,0,2
Wendy’s,"Small Sprite, Small",Drink,200,0,0,0,0,90,53,0,53,0
Wendy’s,"Sprite, Large",Drink,390,0,0,0,0,180,105,0,105,0
Wendy’s,"Sprite, Medium",Drink,310,0,0,0,0,140,84,0,84,0
Wendy’s,"Strawberry Lemonade, Large",Drink,480,0,0,0,0,55,121,0,114,0
Wendy’s,"Strawberry Lemonade, Medium",Drink,380,0,0,0,0,45,98,0,92,0
Wendy’s,"Strawberry Lemonade, Small",Drink,230,0,0,0,0,30,58,0,54,0
Wendy’s,"Strawberry Sweet Tea, Large",Drink,270,0,0,0,0,15,69,0,67,0
Wendy’s,"Strawberry Sweet Tea, Medium",Drink,240,0,0,0,0,15,60,0,59,0
Wendy’s,"Strawberry Sweet Tea, Small",Drink,140,0,0,0,0,10,36,0,35,0
Wendy’s,"Strawberry Tea, Large",Drink,90,0,0,0,0,20,22,0,20,0
Wendy’s,"Strawberry Tea, Medium",Drink,60,0,0,0,0,15,16,0,14,0
Wendy’s,"Strawberry Tea, Small",Drink,45,0,0,0,0,10,11,0,10,0
Wendy’s,"Sweetened Iced Tea, Large",Drink,300,0,0,0,0,25,77,0,75,0
Wendy’s,"Sweetened Iced Tea, Medium",Drink,220,0,0,0,0,20,58,0,56,0
Wendy’s,"Sweetened Iced Tea, Small",Drink,160,0,0,0,0,10,41,0,40,0
Wendy’s,"Vanilla Iced Coffee, Medium",Drink,250,8,5,0,25,40,42,0,39,3
Wendy’s,"Vanilla Iced Coffee, Small",Drink,170,6,3.5,0,20,30,28,0,26,2
Wendy’s,"Classic Chocolate Frosty, Junior",Dessert,200,5,3,0,20,90,33,0,27,6
Wendy’s,"Classic Chocolate Frosty, Large",Dessert,590,15,10,0.5,60,260,99,0,81,17
Wendy’s,"Classic Chocolate Frosty, Medium",Dessert,470,12,8,0.5,50,210,79,0,65,13
Wendy’s,"Classic Chocolate Frosty, Small",Dessert,350,9,6,0,35,150,58,0,47,10
Wendy’s,"Vanilla Frosty, Junior",Dessert,190,5,3.5,0,25,90,32,0,27,5
Wendy’s,"Vanilla Frosty, Large",Dessert,570,15,10,0.5,70,260,94,0,78,15
Wendy’s,"Vanilla Frosty, Medium",Dessert,450,12,8,0.5,55,210,75,0,63,12
Wendy’s,"Vanilla Frosty, Small",Dessert,340,9,6,0,45,160,56,0,47,9
Wendy’s,Chocolate Chunk Cookie,Dessert,310,16,8,0,20,210,40,2,24,3
Wendy’s,Double Chocolate Chunk Cookie,Dessert,290,14,7,0,20,230,39,4,21,4
Wendy’s,Sugar Cookie,Dessert,330,16,8,0,25,300,43,1,24,3
Wendy’s,Kids 2 Piece Chicken Tenders,Extra,200,10,1.5,0,45,620,13,0,0,15
Wendy’s,Kids 4 Piece Chicken Nuggets,Extra,170,11,2,0,35,340,10,0,0,9
Wendy’s,Kids Cheeseburger,Sandwich,280,13,6,0.5,50,540,25,1,5,15
Wendy’s,Kids Grilled Chicken Wrap,Wrap,270,10,3.5,0,55,640,24,2,3,20
Wendy’s,Kids Hamburger,Sandwich,240,9,3.5,0.5,40,350,24,1,5,13
Wendy’s,Artisan Egg Sandwich with Bacon,Breakfast,320,17,8,0,245,750,25,1,4,18
Wendy’s,Artisan Egg Sandwich with Sausage,Breakfast,480,33,13,0,275,980,27,1,4,21
Wendy’s,Bacon Breakfast Bowl,Breakfast,510,28,9,0,245,1390,44,4,2,19
Wendy’s,Biggie Breakfast Sandwich,Breakfast,610,40,15,0,290,1400,37,2,7,27
Wendy’s,Fresh-Baked Biscuit with Applewood Smoked Bacon,Breakfast,410,24,13,0,235,970,34,1,5,15
Wendy’s,Fresh Baked Biscuit with Natural Sausage,Breakfast,590,41,19,0,270,1270,36,1,6,20
Wendy’s,Gravy and Sausage Bowl,Breakfast,450,22,6,0,220,1260,50,4,2,12
Wendy’s,Honey Butter Chicken Biscuit,Breakfast,500,26,12,0,50,1120,48,1,9,19
Wendy’s,Sausage and Egg Burrito,Breakfast,360,20,8,0,210,920,29,1,2,17
Wendy’s,Sausage and Gravy Biscuit,Breakfast,490,29,14,0,20,1400,49,2,6,8
Wendy’s,Sausage Biscuit,Breakfast,480,33,15,0,50,1010,35,1,5,12
Wendy’s,Sausage Breakfast Bowl,Breakfast,640,42,14,0,270,1540,46,4,3,21
Wendy’s,"Seasoned Home-Style Potatoes, Large",Extra,360,13,2.5,0,0,1080,57,6,1,5
Wendy’s,"Seasoned Home-Style Potatoes, Medium",Extra,250,9,1.5,0,0,750,39,4,1,4
Wendy’s,"Seasoned Home-Style Potatoes, Small",Extra,230,8,1.5,0,0,680,35,4,0,3
Wendy’s,Two Sausage and Egg Burritos,Breakfast,720,41,16,0,420,1830,59,2,5,34
Wendy’s,Two Sausage Biscuits,Breakfast,960,65,31,0,95,2020,70,3,10,23
KFC,Limited Time Cinnabon Dessert Biscuits,Dessert,290,13,7,0,5,580,40,2,17,4
KFC,Limited Time ORIGINAL RECIPE CHICKEN Chicken Breast,Extra,390,21,4,0,120,1190,11,2,0,39
KFC,Limited Time ORIGINAL RECIPE CHICKEN Chicken Limited Time Drumstick,Extra,130,8,1.5,0,55,430,4,1,0,12
KFC,Limited Time ORIGINAL RECIPE CHICKEN Chicken Thigh,Extra,280,19,4.5,0,100,910,8,1,0,19
KFC,Limited Time ORIGINAL RECIPE CHICKEN Chicken Whole Wing,Extra,130,8,2,0,55,380,3,0,0,10
KFC,Chicken Breast,Extra,770,60,10,0,105,1530,21,1,1,35
KFC,Chicken Drumstick,Extra,250,21,3.5,0,50,530,6,1,0,11
KFC,Chicken Thigh,Extra,500,40,7,0,100,970,11,1,1,22
KFC,Chicken Whole Wing,Extra,290,25,4,0,45,520,6,1,1,10
KFC,Breast,Extra,260,12,3,0,130,790,1,0,0,38
KFC,Drumstick,Extra,100,6,1.5,0,55,260,0,0,0,11
KFC,Thigh,Extra,180,12,3.5,0,90,470,0,0,0,17
KFC,Whole Wing,Extra,90,6,1.5,0,45,210,1,0,0,9
KFC,Breast,Extra,540,40,7,0,100,1390,14,2,1,31
KFC,Drumstick,Extra,190,14,2.5,0,40,510,6,1,0,9
KFC,Thigh,Extra,390,32,6,0,65,900,12,2,1,13
KFC,Whole Wing,Extra,180,15,2.5,0,35,450,5,1,0,8
KFC,EXTRA CRISPY Chicken Breast,Extra,530,35,6,0,105,1150,18,0,0,35
KFC,EXTRA CRISPY Chicken Drumstick,Extra,170,12,2,0,50,390,5,0,0,10
KFC,EXTRA CRISPY Chicken Thigh,Extra,330,23,4.5,0,100,700,9,0,0,22
KFC,EXTRA CRISPY Chicken Whole Wing,Extra,170,13,2,0,45,340,5,0,0,10
KFC,KENTUCKY GRILLED CHICKEN Breast,Extra,210,7,2,0,130,710,0,0,0,38
KFC,KENTUCKY GRILLED CHICKEN Drumstick,Extra,80,4,1,0,55,220,0,0,0,11
KFC,KENTUCKY GRILLED CHICKEN Thigh,Extra,150,9,3,0,90,420,0,0,0,17
KFC,KENTUCKY GRILLED CHICKEN Whole Wing,Extra,70,3,1,0,45,180,0,0,0,9
KFC,SPICY CRISPY CHICKEN Breast,Extra,350,20,3.5,0,100,1100,11,1,0,30
KFC,SPICY CRISPY CHICKEN Drumstick,Extra,130,8,1.5,0,40,420,5,1,0,9
KFC,SPICY CRISPY CHICKEN Thigh,Extra,270,20,3.5,0,65,720,10,1,0,13
KFC,SPICY CRISPY CHICKEN Whole Wing,Extra,120,8,1.5,0,35,350,5,0,0,7
KFC,EXTRA CRISPY Tender (each),Extra,260,14,2,0,50,610,15,1,0,19
KFC,EXTRA CRISPY Tender (each),Extra,220,16,2.5,0,25,460,9,1,0,10
KFC,KENTUCKY FRIED WINGS Buffalo,Extra,100,7,1.5,0,20,310,3,0,0,5
KFC,KENTUCKY FRIED WINGS Honey BBQ,Extra,100,6,1,0,20,210,8,0,4,5
KFC,KENTUCKY FRIED WINGS Nashville Hot,Extra,130,11,2,0,20,230,4,0,0,5
KFC,KENTUCKY FRIED WINGS Unsauced,Extra,80,6,1,0,20,150,3,0,0,5
KFC,POPCORN NUGGETS Kids,Extra,290,19,2.5,0,30,870,19,1,0,13
KFC,POPCORN NUGGETS Large,Extra,620,39,5,0,65,1820,39,2,0,27
KFC,BBQ Baked Beans,Extra,190,1,0,0,0,650,34,7,15,11
KFC,Biscuit,Extra,180,8,4.5,0,0,520,22,1,1,4
KFC,Coleslaw,Salad,170,12,2,0,5,180,14,4,10,1
KFC,Corn on the Cob,Extra,70,0.5,0,0,0,0,17,2,3,2
KFC,Green Beans,Extra,25,0,0,0,0,300,5,3,1,1
KFC,KFC Cornbread Muffin,Extra,210,9,1.5,0,35,240,28,1,11,3
KFC,Macaroni & Cheese,Extra,140,6,1.5,0,5,590,17,1,2,5
KFC,Macaroni Salad,Salad,140,8,1,0,15,290,14,0,9,1
KFC,Mashed Potatoes,Extra,110,3.5,0.5,0,0,330,17,1,0,2
KFC,Mashed Potatoes With Gravy,Extra,130,4.5,1,0,0,520,20,1,0,3
KFC,Potato Salad,Salad,340,28,4.5,0,25,290,19,2,3,2
KFC,Secret Recipe Fries,Extra,320,15,2,0,0,1100,41,3,0,5
KFC,Sweet Kernel Corn,Extra,70,0.5,0,0,0,0,16,2,2,2
KFC,BBQ Baked Beans (Family),Extra,830,5,1,0,0,2810,148,31,63,47
KFC,Coleslaw (Family),Salad,640,46,7,0,15,670,54,14,37,4
KFC,Corn on the Cob (Family),Extra,280,2,0,0,0,15,67,8,11,9
KFC,Green Beans (Family),Extra,80,0,0,0,0,930,15,9,3,4
KFC,Macaroni & Cheese (Family),Extra,540,23,6,0,10,2220,66,5,8,18
KFC,Macaroni Salad (Family),Salad,480,28,3.5,0,55,990,50,0,30,3
KFC,Mashed Potatoes (Family),Extra,460,15,3,0,0,1410,72,6,0,9
KFC,Mashed Potatoes With Gravy (Family),Extra,590,21,5,0,0,2590,88,6,1,12
KFC,Potato Salad (Family),Salad,1200,98,16,0,80,1010,65,8,12,8
KFC,Secret Recipe Fries (Family),Extra,840,40,5,0,0,2890,108,9,0,13
KFC,Sweet Kernel Corn (Family),Extra,280,2.5,0,0,0,10,67,7,8,10
KFC,Chicken Littles,Sandwich,300,15,2.5,0,30,620,27,1,3,14
KFC,Chicken Littles – Buffalo,Sandwich,310,17,2.5,0,30,790,27,1,3,14
KFC,Chicken Littles – Honey BBQ,Sandwich,320,15,2.5,0,30,680,31,1,7,14
KFC,Chicken Littles – Nashville Hot,Sandwich,340,19,3,0,30,680,27,1,3,14
KFC,Classic Chicken Sandwich,Sandwich,650,35,4.5,0,90,1260,49,1,6,34
KFC,Crispy Colonel’s Sandwich,Sandwich,470,24,3.5,0,60,1170,39,<1,4,24
KFC,Crispy Colonel’s Sandwich – Buffalo,Sandwich,500,27,4,0,60,1500,39,<1,4,24
KFC,Crispy Colonel’s Sandwich – Honey BBQ,Sandwich,510,25,3.5,0,60,1290,48,<1,12,24
KFC,Crispy Colonel’s Sandwich – Nashville Hot,Sandwich,540,32,4.5,0,60,1290,40,<1,5,24
KFC,Crispy Twister,Wrap,630,34,7,0,70,1260,53,4,3,28
KFC,Honey BBQ Sandwich,Sandwich,350,3.5,0.5,0,55,1350,55,2,22,24
KFC,Spicy Chicken Sandwich,Extra,620,33,4,0,85,2140,49,1,6,34
KFC,Chicken Pot Pie,Extra,720,41,25,0,80,1750,60,7,5,26
KFC,KFC Famous Bowl,Extra,740,35,6,0,45,2350,81,6,2,26
KFC,KFC Famous Bowl – Snack Size,Extra,270,14,3.5,0,20,850,27,2,1,11
KFC,Caesar Side Salad,Salad,40,2,1,0,5,90,2,1,1,3
KFC,House Side Salad,Salad,15,0,0,0,0,10,3,2,2,1
KFC,Heinz Buttermilk Dressing,Sauces,160,17,2,0,10,220,1,0,1,0
KFC,Hidden Valley The Original Ranch Fat Free Dressing,Sauces,35,0,0,0,0,410,8,0,2,1
KFC,KFC Creamy Parmesan Caesar Dressing,Sauces,260,26,5,0,15,540,4,0,2,2
KFC,Marzetti Light Italian Dressing,Sauces,15,0.5,0,0,0,510,2,0,1,0
KFC,Parmesan Garlic Croutons,Extra,60,3,0,0,0,135,8,<1,0,2
KFC,Apple Turnover,Dessert,230,10,2.5,0,0,140,32,<1,12,2
KFC,Café Valley Chocolate Chip Cake (1 Slice),Dessert,300,15,3,0,50,260,39,1,27,4
KFC,Café Valley Lemon Cake (1 Slice),Dessert,220,10,2,0,30,170,30,0,20,2
KFC,Café Valley Mini Chocolate Chip Cake,Dessert,300,12,2.5,0,40,190,49,1,35,3
KFC,Café Valley Mini Lemon Cake,Dessert,300,13,2.5,0,50,230,43,0,31,3
KFC,Chocolate Chip Cookie,Dessert,120,6,3,0,<5,70,18,1,12,1
KFC,Oreo Cookies and Crème Pie,Dessert,270,13,8,0,<5,210,35,1,24,3
KFC,Reese’s Peanut Butter Pie,Dessert,300,17,9,0,<5,270,33,1,22,5
KFC,BBQ – Dipping Sauce Cup,Sauces,45,0,0,0,0,150,11,0,11,0
KFC,Colonel’s Buttery Spread,Condiment,35,4,1.5,0,0,35,0,0,0,0
KFC,Grape Jelly Packet,Condiment,35,0,0,0,0,10,9,0,7,0
KFC,Honey Mustard – Dipping Sauce Cup,Sauces,110,9,1.5,0,<5,120,6,0,6,0
KFC,Honey Sauce Packet,Condiment,30,0,0,0,0,0,8,0,5,0
KFC,Ketchup,Condiment,30,0,0,0,0,250,8,0,6,0
KFC,KFC Sauce – Dipping Sauce Cup,Sauces,90,8,1.5,0,10,170,5,0,5,0
KFC,Lemon Juice Packet,Condiment,5,0,0,0,0,20,1,0,0,0
KFC,Ranch – Dipping Sauce Cup,Sauces,130,14,2.5,0,10,240,2,0,1,0
KFC,Strawberry Jam Packet,Condiment,35,0,0,0,0,0,9,0,6,0
KFC,Capri Sun 100% Juice Fruit Punch,Drink,80,0,0,0,0,25,21,0,20,0
KFC,Chocolate Milk 1%,Drink,150,2.5,1.5,0,10,170,26,0,23,7
KFC,Milk 1%,Drink,90,2,1.5,0,10,105,10,0,10,7
KFC,Musselman’s Applesauce,Dessert,45,0,0,0,0,0,12,1,8,0
KFC,7UP (12 fl oz),Drink,140,0,0,0,0,50,35,0,35,0
KFC,7UP (16 fl oz),Drink,190,0,0,0,0,70,46,0,46,0
KFC,7UP (20 fl oz),Drink,240,0,0,0,0,85,58,0,58,0
KFC,7UP (30 fl oz),Drink,350,0,0,0,0,125,87,0,87,0
KFC,Classic Lemonade (1/2 Gallon),Drink,880,0,0,0,0,780,234,0,228,0
KFC,Classic Lemonade (20 fl oz),Drink,140,0,0,0,0,130,39,0,38,0
KFC,Code Red Mountain Dew (12 fl oz),Drink,170,0,0,0,0,50,46,0,46,0
KFC,Code Red Mountain Dew (16 fl oz),Drink,230,0,0,0,0,65,62,0,62,0
KFC,Code Red Mountain Dew (20 fl oz),Drink,290,0,0,0,0,85,77,0,77,0
KFC,Code Red Mountain Dew (30 fl oz),Drink,430,0,0,0,0,125,116,0,115,0
KFC,Diet Dr Pepper (12 fl oz),Drink,0,0,0,0,0,70,0,0,0,0
KFC,Diet Dr Pepper (16 fl oz),Drink,0,0,0,0,0,95,0,0,0,0
KFC,Diet Dr Pepper (20 fl oz),Drink,0,0,0,0,0,120,0,0,0,0
KFC,Diet Dr Pepper (30 fl oz),Drink,0,0,0,0,0,180,0,0,0,0
KFC,Diet Mist Twst (12 fl oz),Drink,0,0,0,0,0,35,0,0,0,0
KFC,Diet Mist Twst (16 fl oz),Drink,0,0,0,0,0,50,0,0,0,0
KFC,Diet Mist Twst (20 fl oz),Drink,0,0,0,0,0,60,0,0,0,0
KFC,Diet Mist Twst (30 fl oz),Drink,5,0,0,0,0,95,0,0,0,0
KFC,Diet Mountain Dew (12 fl oz),Drink,0,0,0,0,0,55,1,0,0,0
KFC,Diet Mountain Dew (16 fl oz),Drink,5,0,0,0,0,75,1,0,0,0
KFC,Diet Mountain Dew (20 fl oz),Drink,10,0,0,0,0,90,1,0,1,0
KFC,Diet Mountain Dew (30 fl oz),Drink,10,0,0,0,0,140,1,0,1,0
KFC,Diet Pepsi (12 fl oz),Drink,0,0,0,0,0,55,0,0,0,0
KFC,Diet Pepsi (16 fl oz),Drink,0,0,0,0,0,75,0,0,0,0
KFC,Diet Pepsi (20 fl oz),Drink,0,0,0,0,0,95,0,0,0,0
KFC,Diet Pepsi (30 fl oz),Drink,0,0,0,0,0,140,0,0,0,0
KFC,Diet Pepsi Wild Cherry Pepsi (12 fl oz),Drink,0,0,0,0,0,35,0,0,0,0
KFC,Diet Pepsi Wild Cherry Pepsi (16 fl oz),Drink,0,0,0,0,0,50,0,0,0,0
KFC,Diet Pepsi Wild Cherry Pepsi (20 fl oz),Drink,0,0,0,0,0,60,0,0,0,0
KFC,Diet Pepsi Wild Cherry Pepsi (30 fl oz),Drink,0,0,0,0,0,95,0,0,0,0
KFC,Dr Pepper (12 fl oz),Drink,140,0,0,0,0,45,39,0,38,0
KFC,Dr Pepper (16 fl oz),Drink,190,0,0,0,0,60,52,0,51,0
KFC,Dr Pepper (20 fl oz),Drink,240,0,0,0,0,75,65,0,64,0
KFC,Dr Pepper (30 fl oz),Drink,360,0,0,0,0,110,98,0,96,0
KFC,Lipton Brisk Lemon Tea (12 fl oz),Drink,80,0,0,0,0,40,22,0,22,0
KFC,Lipton Brisk Lemon Tea (16 fl oz),Drink,110,0,0,0,0,55,29,0,29,0
KFC,Lipton Brisk Lemon Tea (20 fl oz),Drink,140,0,0,0,0,70,36,0,36,0
KFC,Lipton Brisk Lemon Tea (30 fl oz),Drink,210,0,0,0,0,105,55,0,54,0
KFC,Lipton Brisk No Calorie Peach Iced Green Tea (12 fl oz),Drink,0,0,0,0,0,105,0,0,0,0
KFC,Lipton Brisk No Calorie Peach Iced Green Tea (16 fl oz),Drink,0,0,0,0,0,140,0,0,0,0
KFC,Lipton Brisk No Calorie Peach Iced Green Tea (20 fl oz),Drink,5,0,0,0,0,180,0,0,0,0
KFC,Lipton Brisk No Calorie Peach Iced Green Tea (30 fl oz),Drink,10,0,0,0,0,270,0,0,0,0
KFC,Lipton Brisk Raspberry Tea (12 fl oz),Drink,80,0,0,0,0,45,20,0,20,0
KFC,Lipton Brisk Raspberry Tea (16 fl oz),Drink,100,0,0,0,0,55,26,0,26,0
KFC,Lipton Brisk Raspberry Tea (20 fl oz),Drink,130,0,0,0,0,70,33,0,33,0
KFC,Lipton Brisk Raspberry Tea (30 fl oz),Drink,190,0,0,0,0,110,49,0,49,0
KFC,Lipton Brisk Sweet Iced Tea (12 fl oz),Drink,80,0,0,0,0,45,22,0,21,0
KFC,Lipton Brisk Sweet Iced Tea (16 fl oz),Drink,110,0,0,0,0,65,29,0,29,0
KFC,Lipton Brisk Sweet Iced Tea (20 fl oz),Drink,130,0,0,0,0,80,36,0,36,0
KFC,Lipton Brisk Sweet Iced Tea (30 fl oz),Drink,200,0,0,0,0,120,54,0,54,0
KFC,Lipton Brisk Unsweetened No Lemon Iced Tea (12 fl oz),Drink,0,0,0,0,0,45,0,0,0,0
KFC,Lipton Brisk Unsweetened No Lemon Iced Tea (16 fl oz),Drink,0,0,0,0,0,60,0,0,0,0
KFC,Lipton Brisk Unsweetened No Lemon Iced Tea (20 fl oz),Drink,0,0,0,0,0,75,0,0,0,0
KFC,Lipton Brisk Unsweetened No Lemon Iced Tea (30 fl oz),Drink,0,0,0,0,0,115,0,0,0,0
KFC,Manzanita Sol (12 fl oz),Drink,160,0,0,0,0,35,42,0,42,0
KFC,Manzanita Sol (16 fl oz),Drink,210,0,0,0,0,45,57,0,57,0
KFC,Manzanita Sol (20 fl oz),Drink,260,0,0,0,0,55,71,0,71,0
KFC,Manzanita Sol (30 fl oz),Drink,400,0,0,0,0,80,106,0,106,0
KFC,Miranda Strawberry (12 fl oz),Drink,160,0,0,0,0,70,44,0,44,0
KFC,Miranda Strawberry (16 fl oz),Drink,220,0,0,0,0,95,58,0,58,0
KFC,Miranda Strawberry (20 fl oz),Drink,270,0,0,0,0,120,73,0,73,0
KFC,Miranda Strawberry (30 fl oz),Drink,410,0,0,0,0,180,109,0,109,0
KFC,Mist Twst (12 fl oz),Drink,150,0,0,0,0,35,41,0,41,0
KFC,Mist Twst (16 fl oz),Drink,200,0,0,0,0,45,54,0,54,0
KFC,Mist Twst (20 fl oz),Drink,260,0,0,0,0,55,68,0,68,0
KFC,Mist Twst (30 fl oz),Drink,380,0,0,0,0,80,101,0,101,0
KFC,MNT DEW Sweet Lightning (20 fl oz),Drink,120,0,0,0,0,190,32,0,25,0
KFC,Mountain Dew (12 fl oz),Drink,160,0,0,0,0,50,44,0,44,0
KFC,Mountain Dew (16 fl oz),Drink,220,0,0,0,0,70,59,0,58,0
KFC,Mountain Dew (20 fl oz),Drink,270,0,0,0,0,85,73,0,73,0
KFC,Mountain Dew (30 fl oz),Drink,410,0,0,0,0,125,110,0,109,0
KFC,Mug Root Beer (12 fl oz),Drink,140,0,0,0,0,45,39,0,39,0
KFC,Mug Root Beer (16 fl oz),Drink,190,0,0,0,0,60,52,0,52,0
KFC,Mug Root Beer (20 fl oz),Drink,240,0,0,0,0,75,65,0,65,0
KFC,Mug Root Beer (30 fl oz),Drink,360,0,0,0,0,110,98,0,98,0
KFC,Pepsi Zero Sugar (12 fl oz),Drink,0,0,0,0,0,35,0,0,0,0
KFC,Pepsi Zero Sugar (16 fl oz),Drink,0,0,0,0,0,50,0,0,0,0
KFC,Pepsi Zero Sugar (20 fl oz),Drink,0,0,0,0,0,60,0,0,0,0
KFC,Pepsi Zero Sugar (30 fl oz),Drink,0,0,0,0,0,95,1,0,0,0
KFC,Pepsi (12 fl oz),Drink,150,0,0,0,0,30,41,0,41,0
KFC,Pepsi (16 fl oz),Drink,200,0,0,0,0,45,55,0,55,0
KFC,Pepsi (20 fl oz),Drink,250,0,0,0,0,55,69,0,69,0
KFC,Pepsi (30 fl oz),Drink,380,0,0,0,0,80,104,0,103,0
KFC,Sobe Lifewater Yumberry Pomegranate (12 fl oz),Drink,0,0,0,0,0,45,0,0,0,0
KFC,Sobe Lifewater Yumberry Pomegranate (16 fl oz),Drink,0,0,0,0,0,65,0,0,0,0
KFC,Sobe Lifewater Yumberry Pomegranate (20 fl oz),Drink,0,0,0,0,0,80,0,0,0,0
KFC,Sobe Lifewater Yumberry Pomegranate (30 fl oz),Drink,5,0,0,0,0,120,1,0,0,0
KFC,Strawberry Lemonade (1/2 Gallon),Drink,950,0,0,0,0,790,270,0,264,0
KFC,Strawberry Lemonade (20 fl oz),Drink,170,0,0,0,0,130,45,0,44,0
KFC,Tropicana Fruit Punch (12 fl oz),Drink,170,0,0,0,0,35,45,0,45,0
KFC,Tropicana Fruit Punch (16 fl oz),Drink,230,0,0,0,0,45,60,0,60,0
KFC,Tropicana Fruit Punch (20 fl oz),Drink,280,0,0,0,0,60,75,0,75,0
KFC,Tropicana Fruit Punch (30 fl oz),Drink,420,0,0,0,0,90,113,0,112,0
KFC,Tropicana Light Lemonade (12 fl oz),Drink,5,0,0,0,0,140,0,0,0,0
KFC,Tropicana Light Lemonade (16 fl oz),Drink,10,0,0,0,0,190,0,0,0,0
KFC,Tropicana Light Lemonade (20 fl oz),Drink,10,0,0,0,0,240,0,0,0,0
KFC,Tropicana Light Lemonade (30 fl oz),Drink,15,0,0,0,0,350,1,0,0,0
KFC,Tropicana Pink Lemonade (12 fl oz),Drink,150,0,0,0,0,160,40,0,40,0
KFC,Tropicana Pink Lemonade (16 fl oz),Drink,210,0,0,0,0,210,53,0,53,0
KFC,Tropicana Pink Lemonade (20 fl oz),Drink,260,0,0,0,0,260,67,0,67,0
KFC,Tropicana Pink Lemonade (30 fl oz),Drink,390,0,0,0,0,390,100,0,100,0
KFC,Tropicana Twister Orange (12 fl oz),Drink,170,0,0,0,0,35,46,0,46,0
KFC,Tropicana Twister Orange (16 fl oz),Drink,230,0,0,0,0,50,61,0,61,0
KFC,Tropicana Twister Orange (20 fl oz),Drink,290,0,0,0,0,60,76,0,76,0
KFC,Tropicana Twister Orange (30 fl oz),Drink,430,0,0,0,0,90,115,0,114,0
KFC,Wild Cherry Pepsi (12 fl oz),Drink,160,0,0,0,0,30,42,0,42,0
KFC,Wild Cherry Pepsi (16 fl oz),Drink,210,0,0,0,0,40,56,0,56,0
KFC,Wild Cherry Pepsi (20 fl oz),Drink,260,0,0,0,0,50,70,0,70,0
KFC,Wild Cherry Pepsi (30 fl oz),Drink,390,0,0,0,0,80,105,0,105,0
KFC,Country Fried Steak without Peppered White Gravy,Extra,360,24,7,1,35,750,22,2,0,13
KFC,Country Fried Steak with Peppered White Gravy,Extra,390,26,7,1,35,910,26,2,0,13
KFC,KFC Gizzards,Extra,300,16,2,0,210,770,18,<1,0,20
KFC,KFC Livers,Extra,230,13,2.5,0,285,750,12,0,0,17
Taco Bell,Bacon Club Chalupa,Extra,440,27,5,0,50,840,31,2,3,20
Taco Bell,Blue Raspberry Freeze (16 oz),Drink,120,0,0,0,0,35,30,0,30,0
Taco Bell,Blue Raspberry Freeze (20 oz),Drink,150,0,0,0,0,40,38,0,38,0
Taco Bell,Loaded Nacho Taco,Extra,250,12,4.5,0,25,610,24,3,2,10
Taco Bell,Midnight Berry Freeze (16 oz),Drink,140,0,0,0,0,35,35,0,34,0
Taco Bell,Midnight Berry Freeze (20 oz),Drink,170,0,0,0,0,40,43,0,42,0
Taco Bell,Nacho Fries,Extra,320,18,1.5,0,<5,630,35,4,2,4
Taco Bell,Nacho Fries BellGrande,Extra,710,40,6,0,30,1440,73,10,4,13
Taco Bell,Black Bean Chalupa – Online Exclusive,Extra,330,15,3,0,10,430,39,5,3,10
Taco Bell,Black Bean Quesarito – Online Exclusive,Extra,630,29,10,0,35,1260,73,7,5,19
Taco Bell,Quesarito – Online Exclusive,Extra,650,33,12,0.5,55,1390,67,6,5,22
Taco Bell,Chalupa Supreme – Beef,Extra,350,18,5,0,25,560,33,4,3,13
Taco Bell,Chalupa Supreme – Chicken,Extra,330,15,3.5,0,35,560,31,2,3,16
Taco Bell,Chalupa Supreme – Steak,Extra,330,16,4,0,30,530,32,2,3,15
Taco Bell,Cheesy Gordita Crunch,Extra,500,28,10,0.5,55,850,41,5,4,20
Taco Bell,Crunchy Taco,Extra,170,9,3.5,0,25,310,13,3,<1,8
Taco Bell,Crunchy Taco Supreme,Extra,190,11,4.5,0,25,340,15,3,2,8
Taco Bell,Loaded Nacho Taco (New),Extra,250,12,4.5,0,25,610,24,3,2,10
Taco Bell,Nacho Cheese Doritos Locos Taco,Extra,170,9,3.5,0,25,360,13,3,<1,8
Taco Bell,Nacho Cheese Doritos Locos Taco Supreme,Extra,190,11,4.5,0,30,380,15,3,2,8
Taco Bell,Soft Taco – Beef,Extra,180,9,4,0,25,500,17,3,1,9
Taco Bell,Soft Taco – Chicken,Extra,160,5,2.5,0,30,500,16,1,1,12
Taco Bell,Soft Taco Supreme,,,,,,,,,,
Taco Bell,Soft Taco – Beef,Extra,210,10,5,0,25,520,20,3,2,10
Taco Bell,Soft Taco – Chicken,Extra,180,7,3.5,0,35,520,18,2,2,13
Taco Bell,Bean Burrito (V),Extra,350,9,3.5,0,5,1000,54,11,3,13
Taco Bell,Beefy 5-Layer Burrito,Extra,490,18,7,0,30,1250,63,9,5,18
Taco Bell,Burrito Supreme – Beef,Extra,390,14,6,0,25,1110,51,9,4,16
Taco Bell,Burrito Supreme – Chicken,Extra,370,11,4.5,0,35,1110,49,8,4,19
Taco Bell,Burrito Supreme – Steak,Extra,370,12,5,0,30,1090,49,7,4,18
Taco Bell,Chili Cheese Burrito (regional),Extra,370,17,8,0,35,970,40,4,2,16
Taco Bell,Quesarito – Beef,Extra,650,33,12,0.5,55,1390,67,6,5,22
Taco Bell,Quesarito – Chicken,Extra,620,29,11,0,65,1390,66,4,4,25
Taco Bell,Quesarito – Steak,Extra,630,30,11,0,60,1370,66,4,4,24
Taco Bell,Chips and Nacho Cheese Sauce (V),Extra,220,13,1.5,0,<5,250,24,2,2,2
Taco Bell,Nacho Fries (V) (New),Extra,320,18,1.5,0,<5,630,35,4,2,4
Taco Bell,Nacho Fries BellGrande (New),Extra,710,40,6,0,30,1440,73,10,4,13
Taco Bell,Nachos BellGrande – Beef,Extra,740,38,7,0,25,1050,82,15,5,16
Taco Bell,Nachos BellGrande – Chicken,Extra,720,35,6,0,35,1050,81,14,5,20
Taco Bell,Nachos BellGrande – Steak,Extra,720,36,6,0,30,1030,81,14,5,19
Taco Bell,Beef Quesarito,Extra,650,33,12,0.5,55,1390,67,6,5,22
Taco Bell,Black Bean Quesarito (V),Extra,630,29,10,0,35,1260,73,7,5,19
Taco Bell,Quesadilla – Cheese (V),Extra,470,25,12,0.5,50,990,37,4,2,19
Taco Bell,Quesadilla – Chicken,Extra,510,26,12,0.5,75,1250,38,4,2,27
Taco Bell,Quesadilla – Steak,Extra,520,27,12,0.5,70,1230,38,4,2,27
Taco Bell,Bacon Club Chalupa – Specialties,Extra,440,27,5,0,50,840,31,2,3,20
Taco Bell,Black Bean Chalupa – Specialties,Extra,330,15,3,0,10,430,39,5,3,10
Taco Bell,Black Bean Crunchwrap Supreme – Specialties,Extra,510,17,4.5,0,5,1080,77,8,6,13
Taco Bell,Black Bean Quesarito – Specialties,Extra,630,29,10,0,35,1260,73,7,5,19
Taco Bell,Chalupa Supreme – Specialties,Extra,350,18,5,0,25,560,33,4,3,13
Taco Bell,Cheesy Gordita Crunch – Specialties,Extra,500,28,10,0.5,55,850,41,5,4,20
Taco Bell,Cheesy Roll Up – Specialties,Extra,180,9,5,0,20,430,15,2,<1,9
Taco Bell,Crunchwrap Supreme – Specialties,Extra,530,21,6,0,25,1200,71,6,6,16
Taco Bell,Crunchy Taco – Specialties,Extra,170,9,3.5,0,25,310,13,3,<1,8
Taco Bell,Nacho Cheese Doritos Locos Taco – Specialties,Extra,170,9,3.5,0,25,360,13,3,<1,8
Taco Bell,Nachos BellGrande – Specialties,Extra,740,38,7,0,25,1050,82,15,5,16
Taco Bell,Power Menu Bowl – Specialties,Extra,470,19,6,0,70,1200,50,7,2,26
Taco Bell,Quesadilla – Specialties,Extra,510,26,12,0.5,75,1250,38,4,2,27
Taco Bell,Quesarito – Specialties,Extra,650,33,12,0.5,55,1390,67,6,5,22
Taco Bell,Soft Taco – Specialties,Extra,180,9,4,0,25,500,17,3,1,9
Taco Bell,Soft Taco Supreme – Specialties,Extra,210,10,5,0,25,520,20,3,2,10
Taco Bell,Veggie Power Menu Bowl – Specialties,Extra,430,17,5,0,20,810,57,10,2,12
Taco Bell,Black Beans & Rice (V),Extra,170,3.5,0,0,0,320,31,4,0,4
Taco Bell,Black Beans (V),Extra,50,1,0,0,0,135,8,3,0,2
Taco Bell,Cinnabon Delights (2 Pk) (V),Dessert,160,9,2,0,5,80,17,0,10,2
Taco Bell,Cinnabon Delights (12 Pk – Serves 4) (V),Dessert,930,53,13,2,40,480,104,3,59,9
Taco Bell,Cinnamon Twists (V),Dessert,170,6,0,0,0,210,27,<1,13,1
Taco Bell,Diablo Sauce Packet (V),Sauces,0,0,0,0,0,30,0,0,0,0
Taco Bell,Fire Sauce Packet (V),Sauces,0,0,0,0,0,55,0,0,0,0
Taco Bell,Hot Sauce Packet (V),Sauces,0,0,0,0,0,45,0,0,0,0
Taco Bell,Mild Sauce Packet (V),Sauces,0,0,0,0,0,30,0,0,0,0
Taco Bell,Blue Raspberry Freeze (16 oz) (New),Drink,120,0,0,0,0,35,30,0,30,0
Taco Bell,Blue Raspberry Freeze (20 oz) (New),Drink,150,0,0,0,0,40,38,0,38,0
Taco Bell,Dragon Fruit Freeze (16 oz),Drink,190,0,0,0,0,50,49,0,47,0
Taco Bell,Dragon Fruit Freeze (20 oz),Drink,230,0,0,0,0,60,59,0,57,0
Taco Bell,Lowfat Milk – CA (Regional),Drink,100,2,1.5,0,10,130,13,0,12,9
Taco Bell,Lowfat Milk – Federal (Regional),Drink,80,2,1.5,0,10,100,10,0,9,7
Taco Bell,Midnight Berry Freeze (16 oz) (New),Drink,140,0,0,0,0,35,35,0,34,0
Taco Bell,Midnight Berry Freeze (20 oz) (New),Drink,170,0,0,0,0,40,43,0,42,0
Taco Bell,Mtn Dew Baja Blast Freeze (16 oz),Drink,150,0,0,0,0,45,41,0,41,0
Taco Bell,Mtn Dew Baja Blast Freeze (20 oz),Drink,190,0,0,0,0,55,51,0,51,0
Taco Bell,Orange Juice,Drink,140,0,0,0,0,20,33,<1,28,2
Taco Bell,Premium Hot Coffee,Drink,10,0,0,0,0,0,0,0,0,2
Taco Bell,Regular Iced Coffee,Drink,10,0,0,0,0,0,0,0,0,2
Taco Bell,Water,Drink,0,0,0,0,0,0,0,0,0,0
Taco Bell,Wild Strawberry Freeze (16 oz),Drink,150,0,0,0,0,40,41,0,41,0
Taco Bell,Wild Strawberry Freeze (20 oz),Drink,190,0,0,0,0,55,51,0,51,0
Taco Bell,Beef Burrito – Value Menu,Extra,430,19,5,0,20,970,51,4,3,12
Taco Bell,Cheesy Bean & Rice Burrito – Value Menu,Extra,420,16,4,0,<5,880,56,7,3,10
Taco Bell,Cheesy Roll Up – Value Menu,Extra,180,9,5,0,20,430,15,2,<1,9
Taco Bell,Chicken Chipotle Melt – Value Menu,Extra,190,9,3,0,35,530,15,1,<1,12
Taco Bell,Chips and Nacho Cheese Sauce – Value Menu,Extra,220,13,1.5,0,<5,250,24,2,2,2
Taco Bell,Cinnamon Twists – Value Menu,Dessert,170,6,0,0,0,210,27,<1,13,1
Taco Bell,Loaded Nacho Taco – Value Menu,Extra,250,12,4.5,0,25,610,24,3,2,10
Taco Bell,Bean Burrito,Extra,350,9,3.5,0,5,1000,54,11,3,13
Taco Bell,Black Bean Chalupa,Extra,330,15,3,0,10,430,39,5,3,10
Taco Bell,Black Bean Crunchwrap Supreme,Extra,510,17,4.5,0,5,1080,77,8,6,13
Taco Bell,Black Bean Quesarito,Extra,630,29,10,0,35,1260,73,7,5,19
Taco Bell,Black Beans & Rice,Extra,170,3.5,0,0,0,320,31,4,0,4
Taco Bell,Cheese Quesadilla,Extra,470,25,12,0.5,50,990,37,4,2,19
Taco Bell,Cheesy Bean & Rice Burrito,Extra,420,16,4,0,<5,880,56,7,3,10
Taco Bell,Cheesy Roll Up,Extra,180,9,5,0,20,430,15,2,<1,9
Taco Bell,Chips and Nacho Cheese Sauce,Extra,220,13,1.5,0,<5,250,24,2,2,2
Taco Bell,Cinnabon Delights (2 Pack),Dessert,160,9,2,0,5,80,17,0,10,2
Taco Bell,Cinnabon Delights (12 Pack – Serves 4),Dessert,930,53,13,2,40,480,104,3,59,9
Taco Bell,Cinnamon Twists,Dessert,170,6,0,0,0,210,27,<1,13,1
Taco Bell,Hash Brown,Breakfast,160,12,1,0,0,270,13,2,0,1
Taco Bell,Power Menu Bowl – Veggie,Extra,430,17,5,0,20,810,57,10,2,12
Taco Bell,Power Menu Bowl – Chicken,Extra,470,19,6,0,70,1200,50,7,2,26
Taco Bell,Power Menu Bowl – Steak,Extra,480,20,7,0,60,1150,51,7,2,25
Taco Bell,Power Menu Bowl – Veggie (V),Extra,430,17,5,0,20,810,57,10,2,12
Taco Bell,Breakfast Crunchwrap – Bacon,Breakfast,670,41,12,0,140,1270,50,4,3,21
Taco Bell,Breakfast Crunchwrap – Sausage,Breakfast,720,47,15,0,145,1210,51,4,3,21
Taco Bell,Breakfast Crunchwrap – Steak,Breakfast,660,38,12,0,145,1300,51,4,3,24
Taco Bell,Breakfast Salsa Packet (V),Sauces,0,0,0,0,0,50,<1,0,0,0
Taco Bell,Cheesy Toasted Breakfast Burrito – Bacon,Breakfast,350,16,4.5,0,115,870,36,2,3,13
Taco Bell,Cheesy Toasted Breakfast Burrito – Fiesta Potato (V),Breakfast,340,14,3.5,0,100,750,43,3,3,10
Taco Bell,Cheesy Toasted Breakfast Burrito – Sausage,Breakfast,340,17,5,0,110,730,36,2,3,11
Taco Bell,Cinnabon Delights (2 Pack) (V),Dessert,160,9,2,0,5,80,17,0,10,2
Taco Bell,Cinnabon Delights (12 Pack – Serves 4) (V),Dessert,930,53,13,2,40,480,104,3,59,9
Taco Bell,Grande Toasted Breakfast Burrito – Bacon,Breakfast,560,30,10,0,230,1290,49,4,3,24
Taco Bell,Grande Toasted Breakfast Burrito – Sausage,Breakfast,560,31,10,0,230,1150,49,4,3,22
Taco Bell,Grande Toasted Breakfast Burrito – Steak,Breakfast,560,28,9,0,240,1310,50,4,3,27
Taco Bell,Hash Brown (V),Breakfast,160,12,1,0,0,270,13,2,0,1
Taco Bell,Hash Brown Toasted Breakfast Burrito – Bacon,Breakfast,570,33,10,0,135,1270,49,4,2,21
Taco Bell,Hash Brown Toasted Breakfast Burrito – Sausage,Breakfast,570,34,10,0,130,1130,49,4,2,18
Taco Bell,Hash Brown Toasted Breakfast Burrito – Steak,Breakfast,570,30,9,0,140,1290,50,4,2,24
Taco Bell,7-Up (16 fl oz),Drink,190,,,,70,46,,,46,
Taco Bell,Brisk Mango Iced Tea (16 fl oz),Drink,100,,,,50,26,,,26,
Taco Bell,Brisk Unsweetened No Lemon Iced Tea (16 fl oz),Drink,0,,,,60,0,,,0,
Taco Bell,Diet Dr Pepper (16 fl oz),Drink,0,,,,95,0,,,0,
Taco Bell,Diet Mtn Dew (16 fl oz),Drink,5,,,,75,1,,,1,
Taco Bell,Diet Pepsi (16 fl oz),Drink,0,,,,75,0,,,0,
Taco Bell,Dr Pepper (16 fl oz),Drink,190,,,,60,52,,,51,
Taco Bell,G2 – Fruit Punch (16 fl oz),Drink,30,,,,140,7,,,6,
Taco Bell,Mtn Dew (16 fl oz),Drink,220,,,,70,59,,,58,
Taco Bell,Mtn Dew Baja Blast (16 fl oz),Drink,220,,,,65,59,,,59,
Taco Bell,Mtn Dew Baja Blast Zero Sugar (16 fl oz),Drink,5,,,,70,0,,,0,
Taco Bell,Mtn Dew Kickstart Orange Citrus (16 fl oz),Drink,70,,,,75,18,,,18,
Taco Bell,Mug Root Beer (16 fl oz),Drink,190,,,,60,52,,,52,
Taco Bell,Pepsi (16 fl oz),Drink,200,,,,45,55,,,55,
Taco Bell,Pepsi Wild Cherry (16 fl oz),Drink,210,,,,40,56,,,56,
Taco Bell,Pepsi Zero Sugar (16 fl oz),Drink,0,,,,85,0,,,0,
Taco Bell,Sierra Mist (16 fl oz),Drink,200,,,,45,54,,,54,
Taco Bell,Tropicana Pink Lemonade (16 fl oz),Drink,210,,,,210,53,,,53,
Taco Bell,7-Up (20 fl oz),Drink,240,,,,85,58,,,58,
Taco Bell,Brisk Mango Iced Tea (20 fl oz),Drink,120,,,,60,32,,,32,
Taco Bell,Brisk Unsweetened No Lemon Iced Tea (20 fl oz),Drink,0,,,,75,0,,,0,
Taco Bell,Diet Dr Pepper (20 fl oz),Drink,0,,,,120,0,,,0,
Taco Bell,Diet Mtn Dew (20 fl oz),Drink,10,,,,90,1,,,1,
Taco Bell,Diet Pepsi (20 fl oz),Drink,0,,,,95,0,,,0,
Taco Bell,Dr Pepper (20 fl oz),Drink,240,,,,75,65,,,64,
Taco Bell,G2 – Fruit Punch (20 fl oz),Drink,35,,,,180,9,,,8,
Taco Bell,Mtn Dew (20 fl oz),Drink,270,,,,85,73,,,73,
Taco Bell,Mtn Dew Baja Blast (20 fl oz),Drink,280,,,,80,74,,,73,
Taco Bell,Mtn Dew Baja Blast Zero Sugar (20 fl oz),Drink,10,,,,85,0,,,0,
Taco Bell,Mtn Dew Kickstart Orange Citrus (20 fl oz),Drink,90,,,,90,23,,,22,
Taco Bell,Mug Root Beer (20 fl oz),Drink,240,,,,75,65,,,65,
Taco Bell,Pepsi (20 fl oz),Drink,250,,,,55,69,,,69,
Taco Bell,Pepsi Wild Cherry (20 fl oz),Drink,260,,,,50,70,,,70,
Taco Bell,Pepsi Zero Sugar (20 fl oz),Drink,0,,,,105,0,,,0,
Taco Bell,Sierra Mist (20 fl oz),Drink,260,,,,55,68,,,68,
Taco Bell,Tropicana Pink Lemonade (20 fl oz),Drink,260,,,,260,67,,,67,
Taco Bell,,,,,,,,,,,
Taco Bell,FOUNTAIN BEVERAGES (30 OZ),,,,,,,,,,
Taco Bell,7-Up (30 fl oz),Drink,350,,,,125,87,,,87,
Taco Bell,Brisk Mango Iced Tea (30 fl oz),Drink,180,,,,90,48,,,48,
Taco Bell,Brisk Unsweetened No Lemon Iced Tea (30 fl oz),Drink,0,,,,115,0,,,0,
Taco Bell,Diet Dr Pepper (30 fl oz),Drink,0,,,,180,1,,,0,
Taco Bell,Diet Mtn Dew (30 fl oz),Drink,10,,,,140,1,,,1,
Taco Bell,Diet Pepsi (30 fl oz),Drink,0,,,,140,0,,,0,
Taco Bell,Dr Pepper (30 fl oz),Drink,360,,,,110,98,,,96,
Taco Bell,G2 – Fruit Punch (30 fl oz),Drink,50,,,,270,13,,,12,
Taco Bell,Mtn Dew (30 fl oz),Drink,410,,,,125,110,,,109,
Taco Bell,Mtn Dew Baja Blast (30 fl oz),Drink,420,,,,120,110,,,110,
Taco Bell,Mtn Dew Baja Blast Zero Sugar (30 fl oz),Drink,15,,,,125,0,,,0,
Taco Bell,Mtn Dew Kickstart Orange Citrus (30 fl oz),Drink,130,,,,140,34,,,33,
Taco Bell,Mug Root Beer (30 fl oz),Drink,360,,,,110,98,,,98,
Taco Bell,Pepsi (30 fl oz),Drink,380,,,,80,104,,,103,
Taco Bell,Pepsi Wild Cherry (30 fl oz),Drink,390,,,,80,105,,,105,
Taco Bell,Pepsi Zero Sugar (30 fl oz),Drink,0,,,,160,<1,,,0,
Taco Bell,Sierra Mist (30 fl oz),Drink,380,,,,80,101,,,101,
Taco Bell,Tropicana Pink Lemonade (30 fl oz),Drink,390,,,,390,100,,,100,
Pizza Hut,Detroit Double Cheesy Pizza Slice,Pizza,280,12,6,0,30,560,31,2,2,13
Pizza Hut,Detroit Double Pepperoni Pizza Slice,Pizza,330,17,7,0,40,720,30,2,2,14
Pizza Hut,Detroit Meaty Pizza Slice,Pizza,320,16,6,0,35,640,31,2,2,14
Pizza Hut,Detroit Supremo Pizza Slice,Pizza,290,13,6,0,30,570,31,2,2,13
Pizza Hut,Pan Pizza Slices Backyard BBQ Chicken Personal Pan,Pizza,180,6,2,0,15,370,25,1,8,8
Pizza Hut,Pan Pizza Slices Backyard BBQ Chicken Medium,Pizza,270,10,4,0,25,450,33,2,6,11
Pizza Hut,Pan Pizza Slices Backyard BBQ Chicken Large,Pizza,380,16,6,0,35,650,43,2,7,16
Pizza Hut,Pan Pizza Slices Beyond Meat Pepperoni Medium,Pizza,240,10,4.5,0,15,470,29,2,1,10
Pizza Hut,Pan Pizza Slices Beyond Meat Pepperoni Large,Pizza,350,16,6,0,25,680,38,3,2,14
Pizza Hut,Pan Pizza Slices Buffalo Chicken Personal Pan,Pizza,160,5,2,0,15,570,22,1,2,7
Pizza Hut,Pan Pizza Slices Buffalo Chicken Medium,Pizza,240,9,3.5,0,20,680,31,2,2,11
Pizza Hut,Pan Pizza Slices Buffalo Chicken Large,Pizza,350,14,5,0,30,850,40,2,2,15
Pizza Hut,Pan Pizza Slices Cheese Personal Pan,Pizza,150,6,2.5,0,15,310,17,1,2,7
Pizza Hut,Pan Pizza Slices Cheese Medium,Pizza,250,10,4.5,0,25,450,28,2,1,11
Pizza Hut,Pan Pizza Slices Cheese Large,Pizza,360,17,7,0,35,660,37,2,2,16
Pizza Hut,Pan Pizza Slices Chicken Bacon Parmesan Personal Pan,Pizza,180,8,3,0,20,350,17,1,2,9
Pizza Hut,Pan Pizza Slices Chicken Bacon Parmesan Medium,Pizza,270,13,4.5,0,30,470,27,2,1,12
Pizza Hut,Pan Pizza Slices Chicken Bacon Parmesan Large,Pizza,390,20,7,0,40,680,35,2,2,18
Pizza Hut,Pan Pizza Slices Hawaiian Chicken Personal Pan,Pizza,150,5,2,0,15,330,18,1,3,8
Pizza Hut,Pan Pizza Slices Hawaiian Chicken Medium,Pizza,240,9,3.5,0,20,480,29,2,2,12
Pizza Hut,Pan Pizza Slices Hawaiian Chicken Large,Pizza,350,15,5,0,30,690,38,2,3,17
Pizza Hut,Pan Pizza Slices Meat Lover’s Personal Pan,Pizza,210,12,4.5,0,25,460,18,1,2,9
Pizza Hut,Pan Pizza Slices Meat Lover’s Medium,Pizza,320,17,6,0,35,640,28,2,1,13
Pizza Hut,Pan Pizza Slices Meat Lover’s Large,Pizza,470,27,10,0,50,940,37,2,2,19
Pizza Hut,Pan Pizza Slices Pepperoni Personal Pan,Pizza,150,7,2.5,0,15,310,17,1,2,6
Pizza Hut,Pan Pizza Slices Pepperoni Medium,Pizza,250,11,4.5,0,25,470,28,2,1,10
Pizza Hut,Pan Pizza Slices Pepperoni Large,Pizza,370,18,6,0,35,680,36,2,2,15
Pizza Hut,Pan Pizza Slices Pepperoni Lover’s Personal Pan,Pizza,180,9,3.5,0,20,370,17,1,2,8
Pizza Hut,Pan Pizza Slices Pepperoni Lover’s Medium,Pizza,300,15,6,0,35,580,28,2,1,13
Pizza Hut,Pan Pizza Slices Pepperoni Lover’s Large,Pizza,440,24,9,0.5,50,850,37,3,2,19
Pizza Hut,Pan Pizza Slices Supreme Personal Pan,Pizza,170,8,3,0,15,360,18,1,2,7
Pizza Hut,Pan Pizza Slices Supreme Medium,Pizza,270,13,5,0,25,500,29,2,2,11
Pizza Hut,Pan Pizza Slices Supreme Large,Pizza,390,20,7,0,40,740,37,2,2,16
Pizza Hut,Pan Pizza Slices Ultimate Cheese Lover’s Personal Pan,Pizza,170,8,3.5,0,15,330,17,1,2,8
Pizza Hut,Pan Pizza Slices Ultimate Cheese Lover’s Medium,Pizza,270,13,5,0,25,470,27,2,1,12
Pizza Hut,Pan Pizza Slices Ultimate Cheese Lover’s Large,Pizza,390,20,8,0,40,670,36,2,2,17
Pizza Hut,Pan Pizza Slices Veggie Lover’s Personal Pan,Pizza,140,5,2,0,10,290,18,1,2,6
Pizza Hut,Pan Pizza Slices Veggie Lover’s Medium,Pizza,230,9,3.5,0,15,420,29,2,2,9
Pizza Hut,Pan Pizza Slices Veggie Lover’s Large,Pizza,330,15,5,0,25,620,38,3,3,14
Pizza Hut,Hand Tossed Slices Backyard BBQ Chicken Small,Pizza,140,4,2,0,15,250,20,1,4,6
Pizza Hut,Hand Tossed Slices Backyard BBQ Chicken Medium,Pizza,220,7,3,0,20,390,31,2,6,10
Pizza Hut,Hand Tossed Slices Backyard BBQ Chicken Large,Pizza,300,10,4.5,0,30,530,40,2,7,14
Pizza Hut,Hand Tossed Slices Beyond Meat Pepperoni Medium,Pizza,200,7,3.5,0,15,410,26,2,1,9
Pizza Hut,Hand Tossed Slices Beyond Meat Pepperoni Large,Pizza,280,10,5,0,20,560,35,3,2,12
Pizza Hut,Hand Tossed Slices Buffalo Chicken Small,Pizza,130,3.5,1.5,0,10,380,19,<1,<1,6
Pizza Hut,Hand Tossed Slices Buffalo Chicken Medium,Pizza,200,5,2.5,0,20,560,28,2,1,9
Pizza Hut,Hand Tossed Slices Buffalo Chicken Large,Pizza,270,8,4,0,30,740,37,2,2,13
Pizza Hut,Hand Tossed Slices Cheese Small,Pizza,130,4.5,2,0,10,250,17,1,<1,6
Pizza Hut,Hand Tossed Slices Cheese Medium,Pizza,210,8,3.5,0,20,390,26,2,1,10
Pizza Hut,Hand Tossed Slices Cheese Large,Pizza,290,10,5,0,30,540,34,3,2,13
Pizza Hut,Hand Tossed Slices Chicken Bacon Parmesan Small,Pizza,150,6,2.5,0,15,270,16,1,<1,7
Pizza Hut,Hand Tossed Slices Chicken Bacon Parmesan Medium,Pizza,230,9,4,0,25,410,25,2,1,11
Pizza Hut,Hand Tossed Slices Chicken Bacon Parmesan Large,Pizza,310,13,5,0,35,560,33,2,1,16
Pizza Hut,Hand Tossed Slices Hawaiian Chicken Small,Pizza,130,4,1.5,0,10,270,17,1,1,7
Pizza Hut,Hand Tossed Slices Hawaiian Chicken Medium,Pizza,210,6,3,0,20,420,27,2,2,10
Pizza Hut,Hand Tossed Slices Hawaiian Chicken Large,Pizza,280,9,4,0,30,580,36,3,3,15
Pizza Hut,Hand Tossed Slices Meat Lover’s Small,Pizza,180,9,3.5,0,20,370,17,1,<1,7
Pizza Hut,Hand Tossed Slices Meat Lover’s Medium,Pizza,290,15,6,0,30,590,26,2,1,12
Pizza Hut,Hand Tossed Slices Meat Lover’s Large,Pizza,390,21,8,0,45,830,34,3,2,17
Pizza Hut,Hand Tossed Slices Pepperoni Small,Pizza,130,5,2,0,10,260,16,1,<1,6
Pizza Hut,Hand Tossed Slices Pepperoni Medium,Pizza,220,9,4,0,20,420,25,2,1,9
Pizza Hut,Hand Tossed Slices Pepperoni Large,Pizza,300,13,6,0,30,590,34,3,2,13
Pizza Hut,Hand Tossed Slices Pepperoni Lover’s Small,Pizza,160,7,3,0,20,310,17,1,<1,7
Pizza Hut,Hand Tossed Slices Pepperoni Lover’s Medium,Pizza,270,13,6,0,35,530,26,2,1,12
Pizza Hut,Hand Tossed Slices Pepperoni Lover’s Large,Pizza,370,18,8,0,50,740,35,3,2,17
Pizza Hut,Hand Tossed Slices Supreme Small,Pizza,150,6,2.5,0,15,280,17,1,1,6
Pizza Hut,Hand Tossed Slices Supreme Medium,Pizza,240,10,4,0,25,450,26,2,2,10
Pizza Hut,Hand Tossed Slices Supreme Large,Pizza,320,14,6,0,35,630,35,3,2,14
Pizza Hut,Hand Tossed Slices Ultimate Cheese Lover’s Small,Pizza,150,6,2.5,0,15,250,16,1,<1,6
Pizza Hut,Hand Tossed Slices Ultimate Cheese Lover’s Medium,Pizza,230,10,4.5,0,25,390,25,2,1,11
Pizza Hut,Hand Tossed Slices Ultimate Cheese Lover’s Large,Pizza,310,13,6,0,35,540,33,2,1,15
Pizza Hut,Hand Tossed Slices Veggie Lover’s Small,Pizza,120,4,1.5,0,10,230,17,1,1,5
Pizza Hut,Hand Tossed Slices Veggie Lover’s Medium,Pizza,200,6,2.5,0,15,370,27,2,2,8
Pizza Hut,Hand Tossed Slices Veggie Lover’s Large,Pizza,260,9,4,0,20,510,36,3,3,11